0,-22,-89,199,-200,354,555,-797,799,-1085,-1420,1794,1797,-2215,-2684,3190,3194,-3744,-4347,4985,-4990,5672,6409,-7179,7185,-7999,-8870,9772,9779,-10725,-11730,12764,12772,-13850,-14989,16155,-16164,17374,18647,-19945,19955,-21297,-22704,24134,24145,-25619,-27160,28722,28734,-30340,-32015,33709,-33722,35460,37269,-39095,39109,-40979,-42922,44880,44895,-46897,-48974,51064,51080,-53214,-55425,57647,-57664,59930,62275,-64629,64647,-67045,-69524,72010,72029,-74559,-77172,79790,79810,-82472,-85219,87969,-87990,90784,93665,-96547,96569,-99495,-102510,105524,105547,-108605,-111754,114900,114924,-118114,-121397,124675
0,23,87,197,-202,-358,-550,-793,803,1092,1412,1788,1803,2225,2673,3182,3202,3757,4333,4975,-5000,-5688,-6392,-7167,7197,8018,8850,9758,9793,10747,11707,12748,12788,13875,14963,16137,-16182,-17402,-18618,-19925,19975,21328,22672,24112,24167,25653,27125,28698,28758,30377,31977,33683,-33748,-35500,-37228,-39067,39137,41022,42878,44850,44925,46943,48927,51032,51112,53263,55375,57613,-57698,-59982,-62222,-64593,64683,67100,69468,71972,72067,74617,77113,79750,79850,82533,85157,87927,-88032,-90848,-93600,-96503,96613,99562,102442,105478,105593,108675,111683,114852,114972,118187,121323,124625
0,-21,-91,196,-203,350,560,-791,805,-1078,-1428,1785,1806,-2205,-2695,3178,3206,-3731,-4361,4970,-5005,5656,6426,-7161,7203,-7980,-8890,9751,9800,-10703,-11753,12740,12796,-13825,-15015,16128,-16191,17346,18676,-19915,19985,-21266,-22736,24101,24178,-25585,-27195,28686,28770,-30303,-32053,33670,-33761,35420,37310,-39053,39151,-40936,-42966,44835,44940,-46851,-49021,51016,51128,-53165,-55475,57596,-57715,59878,62328,-64575,64701,-66990,-69580,71953,72086,-74501,-77231,79730,79870,-82411,-85281,87906,-88053,90720,93730,-96481,96635,-99428,-102578,105455,105616,-108535,-111825,114828,114996,-118041,-121471,124600
0,24,85,194,-205,-362,-545,-787,809,1099,1404,1779,1812,2235,2662,3170,3214,3770,4319,4960,-5015,-5704,-6375,-7149,7215,8037,8830,9737,9814,10769,11684,12724,12812,13900,14937,16110,-16209,-17430,-18589,-19895,20005,21359,22640,24079,24200,25687,27090,28662,28794,30414,31939,33644,-33787,-35540,-37187,-39025,39179,41065,42834,44805,44970,46989,48880,50984,51160,53312,55325,57562,-57749,-60034,-62169,-64539,64737,67155,69412,71915,72124,74675,77054,79690,79910,82594,85095,87864,-88095,-90912,-93535,-96437,96679,99629,102374,105409,105662,108745,111612,114780,115044,118260,121249,124550
0,-20,-93,193,-206,346,565,-785,811,-1071,-1436,1776,1815,-2195,-2706,3166,3218,-3718,-4375,4955,-5020,5640,6443,-7143,7221,-7961,-8910,9730,9821,-10681,-11776,12716,12820,-13800,-15041,16101,-16218,17318,18705,-19885,20015,-21235,-22768,24068,24211,-25551,-27230,28650,28806,-30266,-32091,33631,-33800,35380,37351,-39011,39193,-40893,-43010,44790,44985,-46805,-49068,50968,51176,-53116,-55525,57545,-57766,59826,62381,-64521,64755,-66935,-69636,71896,72143,-74443,-77290,79670,79930,-82350,-85343,87843,-88116,90656,93795,-96415,96701,-99361,-102646,105386,105685,-108465,-111896,114756,115068,-117968,-121545,124525
0,25,83,191,-208,-366,-540,-781,815,1106,1396,1770,1821,2245,2651,3158,3226,3783,4305,4945,-5030,-5720,-6358,-7131,7233,8056,8810,9716,9835,10791,11661,12700,12836,13925,14911,16083,-16236,-17458,-18560,-19865,20035,21390,22608,24046,24233,25721,27055,28626,28830,30451,31901,33605,-33826,-35580,-37146,-38983,39221,41108,42790,44760,45015,47035,48833,50936,51208,53361,55275,57511,-57800,-60086,-62116,-64485,64791,67210,69356,71858,72181,74733,76995,79630,79970,82655,85033,87801,-88158,-90976,-93470,-96371,96745,99696,102306,105340,105731,108815,111541,114708,115116,118333,121175,124475
0,-19,-95,190,-209,342,570,-779,817,-1064,-1444,1767,1824,-2185,-2717,3154,3230,-3705,-4389,4940,-5035,5624,6460,-7125,7239,-7942,-8930,9709,9842,-10659,-11799,12692,12844,-13775,-15067,16074,-16245,17290,18734,-19855,20045,-21204,-22800,24035,24244,-25517,-27265,28614,28842,-30229,-32129,33592,-33839,35340,37392,-38969,39235,-40850,-43054,44745,45030,-46759,-49115,50920,51224,-53067,-55575,57494,-57817,59774,62434,-64467,64809,-66880,-69692,71839,72200,-74385,-77349,79610,79990,-82289,-85405,87780,-88179,90592,93860,-96349,96767,-99294,-102714,105317,105754,-108395,-111967,114684,115140,-117895,-121619,124450
0,26,81,188,-211,-370,-535,-775,821,1113,1388,1761,1830,2255,2640,3146,3238,3796,4291,4930,-5045,-5736,-6341,-7113,7251,8075,8790,9695,9856,10813,11638,12676,12860,13950,14885,16056,-16263,-17486,-18531,-19835,20065,21421,22576,24013,24266,25755,27020,28590,28866,30488,31863,33566,-33865,-35620,-37105,-38941,39263,41151,42746,44715,45060,47081,48786,50888,51256,53410,55225,57460,-57851,-60138,-62063,-64431,64845,67265,69300,71801,72238,74791,76936,79570,80030,82716,84971,87738,-88221,-91040,-93405,-96305,96811,99763,102238,105271,105800,108885,111470,114636,115188,118406,121101,124400
0,-18,-97,187,-212,338,575,-773,823,-1057,-1452,1758,1833,-2175,-2728,3142,3242,-3692,-4403,4925,-5050,5608,6477,-7107,7257,-7923,-8950,9688,9863,-10637,-11822,12668,12868,-13750,-15093,16047,-16272,17262,18763,-19825,20075,-21173,-22832,24002,24277,-25483,-27300,28578,28878,-30192,-32167,33553,-33878,35300,37433,-38927,39277,-40807,-43098,44700,45075,-46713,-49162,50872,51272,-53018,-55625,57443,-57868,59722,62487,-64413,64863,-66825,-69748,71782,72257,-74327,-77408,79550,80050,-82228,-85467,87717,-88242,90528,93925,-96283,96833,-99227,-102782,105248,105823,-108325,-112038,114612,115212,-117822,-121693,124375
0,27,79,185,-214,-374,-530,-769,827,1120,1380,1752,1839,2265,2629,3134,3250,3809,4277,4915,-5060,-5752,-6324,-7095,7269,8094,8770,9674,9877,10835,11615,12652,12884,13975,14859,16029,-16290,-17514,-18502,-19805,20095,21452,22544,23980,24299,25789,26985,28554,28902,30525,31825,33527,-33904,-35660,-37064,-38899,39305,41194,42702,44670,45105,47127,48739,50840,51304,53459,55175,57409,-57902,-60190,-62010,-64377,64899,67320,69244,71744,72295,74849,76877,79510,80090,82777,84909,87675,-88284,-91104,-93340,-96239,96877,99830,102170,105202,105869,108955,111399,114564,115260,118479,121027,124325
0,-17,-99,184,-215,334,580,-767,829,-1050,-1460,1749,1842,-2165,-2739,3130,3254,-3679,-4417,4910,-5065,5592,6494,-7089,7275,-7904,-8970,9667,9884,-10615,-11845,12644,12892,-13725,-15119,16020,-16299,17234,18792,-19795,20105,-21142,-22864,23969,24310,-25449,-27335,28542,28914,-30155,-32205,33514,-33917,35260,37474,-38885,39319,-40764,-43142,44655,45120,-46667,-49209,50824,51320,-52969,-55675,57392,-57919,59670,62540,-64359,64917,-66770,-69804,71725,72314,-74269,-77467,79490,80110,-82167,-85529,87654,-88305,90464,93990,-96217,96899,-99160,-102850,105179,105892,-108255,-112109,114540,115284,-117749,-121767,124300
0,28,77,182,-217,-378,-525,-763,833,1127,1372,1743,1848,2275,2618,3122,3262,3822,4263,4900,-5075,-5768,-6307,-7077,7287,8113,8750,9653,9898,10857,11592,12628,12908,14000,14833,16002,-16317,-17542,-18473,-19775,20125,21483,22512,23947,24332,25823,26950,28518,28938,30562,31787,33488,-33943,-35700,-37023,-38857,39347,41237,42658,44625,45150,47173,48692,50792,51352,53508,55125,57358,-57953,-60242,-61957,-64323,64953,67375,69188,71687,72352,74907,76818,79450,80150,82838,84847,87612,-88347,-91168,-93275,-96173,96943,99897,102102,105133,105938,109025,111328,114492,115332,118552,120953,124250
0,-16,-101,181,-218,330,585,-761,835,-1043,-1468,1740,1851,-2155,-2750,3118,3266,-3666,-4431,4895,-5080,5576,6511,-7071,7293,-7885,-8990,9646,9905,-10593,-11868,12620,12916,-13700,-15145,15993,-16326,17206,18821,-19765,20135,-21111,-22896,23936,24343,-25415,-27370,28506,28950,-30118,-32243,33475,-33956,35220,37515,-38843,39361,-40721,-43186,44610,45165,-46621,-49256,50776,51368,-52920,-55725,57341,-57970,59618,62593,-64305,64971,-66715,-69860,71668,72371,-74211,-77526,79430,80170,-82106,-85591,87591,-88368,90400,94055,-96151,96965,-99093,-102918,105110,105961,-108185,-112180,114468,115356,-117676,-121841,124225
0,29,75,179,-220,-382,-520,-757,839,1134,1364,1734,1857,2285,2607,3110,3274,3835,4249,4885,-5090,-5784,-6290,-7059,7305,8132,8730,9632,9919,10879,11569,12604,12932,14025,14807,15975,-16344,-17570,-18444,-19745,20155,21514,22480,23914,24365,25857,26915,28482,28974,30599,31749,33449,-33982,-35740,-36982,-38815,39389,41280,42614,44580,45195,47219,48645,50744,51400,53557,55075,57307,-58004,-60294,-61904,-64269,65007,67430,69132,71630,72409,74965,76759,79390,80210,82899,84785,87549,-88410,-91232,-93210,-96107,97009,99964,102034,105064,106007,109095,111257,114420,115404,118625,120879,124175
0,-15,-103,178,-221,326,590,-755,841,-1036,-1476,1731,1860,-2145,-2761,3106,3278,-3653,-4445,4880,-5095,5560,6528,-7053,7311,-7866,-9010,9625,9926,-10571,-11891,12596,12940,-13675,-15171,15966,-16353,17178,18850,-19735,20165,-21080,-22928,23903,24376,-25381,-27405,28470,28986,-30081,-32281,33436,-33995,35180,37556,-38801,39403,-40678,-43230,44565,45210,-46575,-49303,50728,51416,-52871,-55775,57290,-58021,59566,62646,-64251,65025,-66660,-69916,71611,72428,-74153,-77585,79370,80230,-82045,-85653,87528,-88431,90336,94120,-96085,97031,-99026,-102986,105041,106030,-108115,-112251,114396,115428,-117603,-121915,124150
0,30,73,176,-223,-386,-515,-751,845,1141,1356,1725,1866,2295,2596,3098,3286,3848,4235,4870,-5105,-5800,-6273,-7041,7323,8151,8710,9611,9940,10901,11546,12580,12956,14050,14781,15948,-16371,-17598,-18415,-19715,20185,21545,22448,23881,24398,25891,26880,28446,29010,30636,31711,33410,-34021,-35780,-36941,-38773,39431,41323,42570,44535,45240,47265,48598,50696,51448,53606,55025,57256,-58055,-60346,-61851,-64215,65061,67485,69076,71573,72466,75023,76700,79330,80270,82960,84723,87486,-88473,-91296,-93145,-96041,97075,100031,101966,104995,106076,109165,111186,114348,115476,118698,120805,124100
0,-14,-105,175,-224,322,595,-749,847,-1029,-1484,1722,1869,-2135,-2772,3094,3290,-3640,-4459,4865,-5110,5544,6545,-7035,7329,-7847,-9030,9604,9947,-10549,-11914,12572,12964,-13650,-15197,15939,-16380,17150,18879,-19705,20195,-21049,-22960,23870,24409,-25347,-27440,28434,29022,-30044,-32319,33397,-34034,35140,37597,-38759,39445,-40635,-43274,44520,45255,-46529,-49350,50680,51464,-52822,-55825,57239,-58072,59514,62699,-64197,65079,-66605,-69972,71554,72485,-74095,-77644,79310,80290,-81984,-85715,87465,-88494,90272,94185,-96019,97097,-98959,-103054,104972,106099,-108045,-112322,114324,115500,-117530,-121989,124075
0,31,71,173,-226,-390,-510,-745,851,1148,1348,1716,1875,2305,2585,3086,3298,3861,4221,4855,-5120,-5816,-6256,-7023,7341,8170,8690,9590,9961,10923,11523,12556,12980,14075,14755,15921,-16398,-17626,-18386,-19685,20215,21576,22416,23848,24431,25925,26845,28410,29046,30673,31673,33371,-34060,-35820,-36900,-38731,39473,41366,42526,44490,45285,47311,48551,50648,51496,53655,54975,57205,-58106,-60398,-61798,-64161,65115,67540,69020,71516,72523,75081,76641,79270,80330,83021,84661,87423,-88536,-91360,-93080,-95975,97141,100098,101898,104926,106145,109235,111115,114276,115548,118771,120731,124025
0,-13,-107,172,-227,318,600,-743,853,-1022,-1492,1713,1878,-2125,-2783,3082,3302,-3627,-4473,4850,-5125,5528,6562,-7017,7347,-7828,-9050,9583,9968,-10527,-11937,12548,12988,-13625,-15223,15912,-16407,17122,18908,-19675,20225,-21018,-22992,23837,24442,-25313,-27475,28398,29058,-30007,-32357,33358,-34073,35100,37638,-38717,39487,-40592,-43318,44475,45300,-46483,-49397,50632,51512,-52773,-55875,57188,-58123,59462,62752,-64143,65133,-66550,-70028,71497,72542,-74037,-77703,79250,80350,-81923,-85777,87402,-88557,90208,94250,-95953,97163,-98892,-103122,104903,106168,-107975,-112393,114252,115572,-117457,-122063,124000
0,32,69,170,-229,-394,-505,-739,857,1155,1340,1707,1884,2315,2574,3074,3310,3874,4207,4840,-5135,-5832,-6239,-7005,7359,8189,8670,9569,9982,10945,11500,12532,13004,14100,14729,15894,-16425,-17654,-18357,-19655,20245,21607,22384,23815,24464,25959,26810,28374,29082,30710,31635,33332,-34099,-35860,-36859,-38689,39515,41409,42482,44445,45330,47357,48504,50600,51544,53704,54925,57154,-58157,-60450,-61745,-64107,65169,67595,68964,71459,72580,75139,76582,79210,80390,83082,84599,87360,-88599,-91424,-93015,-95909,97207,100165,101830,104857,106214,109305,111044,114204,115620,118844,120657,123950
0,-12,-109,169,-230,314,605,-737,859,-1015,-1500,1704,1887,-2115,-2794,3070,3314,-3614,-4487,4835,-5140,5512,6579,-6999,7365,-7809,-9070,9562,9989,-10505,-11960,12524,13012,-13600,-15249,15885,-16434,17094,18937,-19645,20255,-20987,-23024,23804,24475,-25279,-27510,28362,29094,-29970,-32395,33319,-34112,35060,37679,-38675,39529,-40549,-43362,44430,45345,-46437,-49444,50584,51560,-52724,-55925,57137,-58174,59410,62805,-64089,65187,-66495,-70084,71440,72599,-73979,-77762,79190,80410,-81862,-85839,87339,-88620,90144,94315,-95887,97229,-98825,-103190,104834,106237,-107905,-112464,114180,115644,-117384,-122137,123925
0,33,67,167,-232,-398,-500,-733,863,1162,1332,1698,1893,2325,2563,3062,3322,3887,4193,4825,-5150,-5848,-6222,-6987,7377,8208,8650,9548,10003,10967,11477,12508,13028,14125,14703,15867,-16452,-17682,-18328,-19625,20275,21638,22352,23782,24497,25993,26775,28338,29118,30747,31597,33293,-34138,-35900,-36818,-38647,39557,41452,42438,44400,45375,47403,48457,50552,51592,53753,54875,57103,-58208,-60502,-61692,-64053,65223,67650,68908,71402,72637,75197,76523,79150,80450,83143,84537,87297,-88662,-91488,-92950,-95843,97273,100232,101762,104788,106283,109375,110973,114132,115692,118917,120583,123875
0,-11,-111,166,-233,310,610,-731,865,-1008,-1508,1695,1896,-2105,-2805,3058,3326,-3601,-4501,4820,-5155,5496,6596,-6981,7383,-7790,-9090,9541,10010,-10483,-11983,12500,13036,-13575,-15275,15858,-16461,17066,18966,-19615,20285,-20956,-23056,23771,24508,-25245,-27545,28326,29130,-29933,-32433,33280,-34151,35020,37720,-38633,39571,-40506,-43406,44385,45390,-46391,-49491,50536,51608,-52675,-55975,57086,-58225,59358,62858,-64035,65241,-66440,-70140,71383,72656,-73921,-77821,79130,80470,-81801,-85901,87276,-88683,90080,94380,-95821,97295,-98758,-103258,104765,106306,-107835,-112535,114108,115716,-117311,-122211,123850
0,34,65,164,-235,-402,-495,-727,869,1169,1324,1689,1902,2335,2552,3050,3334,3900,4179,4810,-5165,-5864,-6205,-6969,7395,8227,8630,9527,10024,10989,11454,12484,13052,14150,14677,15840,-16479,-17710,-18299,-19595,20305,21669,22320,23749,24530,26027,26740,28302,29154,30784,31559,33254,-34177,-35940,-36777,-38605,39599,41495,42394,44355,45420,47449,48410,50504,51640,53802,54825,57052,-58259,-60554,-61639,-63999,65277,67705,68852,71345,72694,75255,76464,79090,80510,83204,84475,87234,-88725,-91552,-92885,-95777,97339,100299,101694,104719,106352,109445,110902,114060,115764,118990,120509,123800
0,-10,-113,163,-236,306,615,-725,871,-1001,-1516,1686,1905,-2095,-2816,3046,3338,-3588,-4515,4805,-5170,5480,6613,-6963,7401,-7771,-9110,9520,10031,-10461,-12006,12476,13060,-13550,-15301,15831,-16488,17038,18995,-19585,20315,-20925,-23088,23738,24541,-25211,-27580,28290,29166,-29896,-32471,33241,-34190,34980,37761,-38591,39613,-40463,-43450,44340,45435,-46345,-49538,50488,51656,-52626,-56025,57035,-58276,59306,62911,-63981,65295,-66385,-70196,71326,72713,-73863,-77880,79070,80530,-81740,-85963,87213,-88746,90016,94445,-95755,97361,-98691,-103326,104696,106375,-107765,-112606,114036,115788,-117238,-122285,123775
0,35,63,161,-238,-406,-490,-721,875,1176,1316,1680,1911,2345,2541,3038,3346,3913,4165,4795,-5180,-5880,-6188,-6951,7413,8246,8610,9506,10045,11011,11431,12460,13076,14175,14651,15813,-16506,-17738,-18270,-19565,20335,21700,22288,23716,24563,26061,26705,28266,29190,30821,31521,33215,-34216,-35980,-36736,-38563,39641,41538,42350,44310,45465,47495,48363,50456,51688,53851,54775,57001,-58310,-60606,-61586,-63945,65331,67760,68796,71288,72751,75313,76405,79030,80570,83265,84413,87171,-88788,-91616,-92820,-95711,97405,100366,101626,104650,106421,109515,110831,113988,115836,119063,120435,123725
0,-9,-115,160,-239,302,620,-719,877,-994,-1524,1677,1914,-2085,-2827,3034,3350,-3575,-4529,4790,-5185,5464,6630,-6945,7419,-7752,-9130,9499,10052,-10439,-12029,12452,13084,-13525,-15327,15804,-16515,17010,19024,-19555,20345,-20894,-23120,23705,24574,-25177,-27615,28254,29202,-29859,-32509,33202,-34229,34940,37802,-38549,39655,-40420,-43494,44295,45480,-46299,-49585,50440,51704,-52577,-56075,56984,-58327,59254,62964,-63927,65349,-66330,-70252,71269,72770,-73805,-77939,79010,80590,-81679,-86025,87150,-88809,89952,94510,-95689,97427,-98624,-103394,104627,106444,-107695,-112677,113964,115860,-117165,-122359,123700
0,36,61,158,-241,-410,-485,-715,881,1183,1308,1671,1920,2355,2530,3026,3358,3926,4151,4780,-5195,-5896,-6171,-6933,7431,8265,8590,9485,10066,11033,11408,12436,13100,14200,14625,15786,-16533,-17766,-18241,-19535,20365,21731,22256,23683,24596,26095,26670,28230,29226,30858,31483,33176,-34255,-36020,-36695,-38521,39683,41581,42306,44265,45510,47541,48316,50408,51736,53900,54725,56950,-58361,-60658,-61533,-63891,65385,67815,68740,71231,72808,75371,76346,78970,80630,83326,84351,87108,-88851,-91680,-92755,-95645,97471,100433,101558,104581,106490,109585,110760,113916,115908,119136,120361,123650
0,-8,-117,157,-242,298,625,-713,883,-987,-1532,1668,1923,-2075,-2838,3022,3362,-3562,-4543,4775,-5200,5448,6647,-6927,7437,-7733,-9150,9478,10073,-10417,-12052,12428,13108,-13500,-15353,15777,-16542,16982,19053,-19525,20375,-20863,-23152,23672,24607,-25143,-27650,28218,29238,-29822,-32547,33163,-34268,34900,37843,-38507,39697,-40377,-43538,44250,45525,-46253,-49632,50392,51752,-52528,-56125,56933,-58378,59202,63017,-63873,65403,-66275,-70308,71212,72827,-73747,-77998,78950,80650,-81618,-86087,87087,-88872,89888,94575,-95623,97493,-98557,-103462,104558,106513,-107625,-112748,113892,115932,-117092,-122433,123625
0,37,59,155,-244,-414,-480,-709,887,1190,1300,1662,1929,2365,2519,3014,3370,3939,4137,4765,-5210,-5912,-6154,-6915,7449,8284,8570,9464,10087,11055,11385,12412,13124,14225,14599,15759,-16560,-17794,-18212,-19505,20395,21762,22224,23650,24629,26129,26635,28194,29262,30895,31445,33137,-34294,-36060,-36654,-38479,39725,41624,42262,44220,45555,47587,48269,50360,51784,53949,54675,56899,-58412,-60710,-61480,-63837,65439,67870,68684,71174,72865,75429,76287,78910,80690,83387,84289,87045,-88914,-91744,-92690,-95579,97537,100500,101490,104512,106559,109655,110689,113844,115980,119209,120287,123575
0,-7,-119,154,-245,294,630,-707,889,-980,-1540,1659,1932,-2065,-2849,3010,3374,-3549,-4557,4760,-5215,5432,6664,-6909,7455,-7714,-9170,9457,10094,-10395,-12075,12404,13132,-13475,-15379,15750,-16569,16954,19082,-19495,20405,-20832,-23184,23639,24640,-25109,-27685,28182,29274,-29785,-32585,33124,-34307,34860,37884,-38465,39739,-40334,-43582,44205,45570,-46207,-49679,50344,51800,-52479,-56175,56882,-58429,59150,63070,-63819,65457,-66220,-70364,71155,72884,-73689,-78057,78890,80710,-81557,-86149,87024,-88935,89824,94640,-95557,97559,-98490,-103530,104489,106582,-107555,-112819,113820,116004,-117019,-122507,123550
0,38,57,152,-247,-418,-475,-703,893,1197,1292,1653,1938,2375,2508,3002,3382,3952,4123,4750,-5225,-5928,-6137,-6897,7467,8303,8550,9443,10108,11077,11362,12388,13148,14250,14573,15732,-16587,-17822,-18183,-19475,20425,21793,22192,23617,24662,26163,26600,28158,29298,30932,31407,33098,-34333,-36100,-36613,-38437,39767,41667,42218,44175,45600,47633,48222,50312,51832,53998,54625,56848,-58463,-60762,-61427,-63783,65493,67925,68628,71117,72922,75487,76228,78850,80750,83448,84227,86982,-88977,-91808,-92625,-95513,97603,100567,101422,104443,106628,109725,110618,113772,116052,119282,120213,123500
0,-6,-121,151,-248,290,635,-701,895,-973,-1548,1650,1941,-2055,-2860,2998,3386,-3536,-4571,4745,-5230,5416,6681,-6891,7473,-7695,-9190,9436,10115,-10373,-12098,12380,13156,-13450,-15405,15723,-16596,16926,19111,-19465,20435,-20801,-23216,23606,24673,-25075,-27720,28146,29310,-29748,-32623,33085,-34346,34820,37925,-38423,39781,-40291,-43626,44160,45615,-46161,-49726,50296,51848,-52430,-56225,56831,-58480,59098,63123,-63765,65511,-66165,-70420,71098,72941,-73631,-78116,78830,80770,-81496,-86211,86961,-88998,89760,94705,-95491,97625,-98423,-103598,104420,106651,-107485,-112890,113748,116076,-116946,-122581,123475
0,39,55,149,-250,-422,-470,-697,899,1204,1284,1644,1947,2385,2497,2990,3394,3965,4109,4735,-5240,-5944,-6120,-6879,7485,8322,8530,9422,10129,11099,11339,12364,13172,14275,14547,15705,-16614,-17850,-18154,-19445,20455,21824,22160,23584,24695,26197,26565,28122,29334,30969,31369,33059,-34372,-36140,-36572,-38395,39809,41710,42174,44130,45645,47679,48175,50264,51880,54047,54575,56797,-58514,-60814,-61374,-63729,65547,67980,68572,71060,72979,75545,76169,78790,80810,83509,84165,86919,-89040,-91872,-92560,-95447,97669,100634,101354,104374,106697,109795,110547,113700,116124,119355,120139,123425
0,-5,-123,148,-251,286,640,-695,901,-966,-1556,1641,1950,-2045,-2871,2986,3398,-3523,-4585,4730,-5245,5400,6698,-6873,7491,-7676,-9210,9415,10136,-10351,-12121,12356,13180,-13425,-15431,15696,-16623,16898,19140,-19435,20465,-20770,-23248,23573,24706,-25041,-27755,28110,29346,-29711,-32661,33046,-34385,34780,37966,-38381,39823,-40248,-43670,44115,45660,-46115,-49773,50248,51896,-52381,-56275,56780,-58531,59046,63176,-63711,65565,-66110,-70476,71041,72998,-73573,-78175,78770,80830,-81435,-86273,86898,-89061,89696,94770,-95425,97691,-98356,-103666,104351,106720,-107415,-112961,113676,116148,-116873,-122655,123400
0,40,53,146,-253,-426,-465,-691,905,1211,1276,1635,1956,2395,2486,2978,3406,3978,4095,4720,-5255,-5960,-6103,-6861,7503,8341,8510,9401,10150,11121,11316,12340,13196,14300,14521,15678,-16641,-17878,-18125,-19415,20485,21855,22128,23551,24728,26231,26530,28086,29370,31006,31331,33020,-34411,-36180,-36531,-38353,39851,41753,42130,44085,45690,47725,48128,50216,51928,54096,54525,56746,-58565,-60866,-61321,-63675,65601,68035,68516,71003,73036,75603,76110,78730,80870,83570,84103,86856,-89103,-91936,-92495,-95381,97735,100701,101286,104305,106766,109865,110476,113628,116196,119428,120065,123350
0,-4,-125,145,-254,282,645,-689,907,-959,-1564,1632,1959,-2035,-2882,2974,3410,-3510,-4599,4715,-5260,5384,6715,-6855,7509,-7657,-9230,9394,10157,-10329,-12144,12332,13204,-13400,-15457,15669,-16650,16870,19169,-19405,20495,-20739,-23280,23540,24739,-25007,-27790,28074,29382,-29674,-32699,33007,-34424,34740,38007,-38339,39865,-40205,-43714,44070,45705,-46069,-49820,50200,51944,-52332,-56325,56729,-58582,58994,63229,-63657,65619,-66055,-70532,70984,73055,-73515,-78234,78710,80890,-81374,-86335,86835,-89124,89632,94835,-95359,97757,-98289,-103734,104282,106789,-107345,-113032,113604,116220,-116800,-122729,123325
0,41,51,143,-256,-430,-460,-685,911,1218,1268,1626,1965,2405,2475,2966,3418,3991,4081,4705,-5270,-5976,-6086,-6843,7521,8360,8490,9380,10171,11143,11293,12316,13220,14325,14495,15651,-16668,-17906,-18096,-19385,20515,21886,22096,23518,24761,26265,26495,28050,29406,31043,31293,32981,-34450,-36220,-36490,-38311,39893,41796,42086,44040,45735,47771,48081,50168,51976,54145,54475,56695,-58616,-60918,-61268,-63621,65655,68090,68460,70946,73093,75661,76051,78670,80930,83631,84041,86793,-89166,-92000,-92430,-95315,97801,100768,101218,104236,106835,109935,110405,113556,116268,119501,119991,123275
0,-3,-127,142,-257,278,650,-683,913,-952,-1572,1623,1968,-2025,-2893,2962,3422,-3497,-4613,4700,-5275,5368,6732,-6837,7527,-7638,-9250,9373,10178,-10307,-12167,12308,13228,-13375,-15483,15642,-16677,16842,19198,-19375,20525,-20708,-23312,23507,24772,-24973,-27825,28038,29418,-29637,-32737,32968,-34463,34700,38048,-38297,39907,-40162,-43758,44025,45750,-46023,-49867,50152,51992,-52283,-56375,56678,-58633,58942,63282,-63603,65673,-66000,-70588,70927,73112,-73457,-78293,78650,80950,-81313,-86397,86772,-89187,89568,94900,-95293,97823,-98222,-103802,104213,106858,-107275,-113103,113532,116292,-116727,-122803,123250
0,42,49,140,-259,-434,-455,-679,917,1225,1260,1617,1974,2415,2464,2954,3430,4004,4067,4690,-5285,-5992,-6069,-6825,7539,8379,8470,9359,10192,11165,11270,12292,13244,14350,14469,15624,-16695,-17934,-18067,-19355,20545,21917,22064,23485,24794,26299,26460,28014,29442,31080,31255,32942,-34489,-36260,-36449,-38269,39935,41839,42042,43995,45780,47817,48034,50120,52024,54194,54425,56644,-58667,-60970,-61215,-63567,65709,68145,68404,70889,73150,75719,75992,78610,80990,83692,83979,86730,-89229,-92064,-92365,-95249,97867,100835,101150,104167,106904,110005,110334,113484,116340,119574,119917,123200
0,-2,-129,139,-260,274,655,-677,919,-945,-1580,1614,1977,-2015,-2904,2950,3434,-3484,-4627,4685,-5290,5352,6749,-6819,7545,-7619,-9270,9352,10199,-10285,-12190,12284,13252,-13350,-15509,15615,-16704,16814,19227,-19345,20555,-20677,-23344,23474,24805,-24939,-27860,28002,29454,-29600,-32775,32929,-34502,34660,38089,-38255,39949,-40119,-43802,43980,45795,-45977,-49914,50104,52040,-52234,-56425,56627,-58684,58890,63335,-63549,65727,-65945,-70644,70870,73169,-73399,-78352,78590,81010,-81252,-86459,86709,-89250,89504,94965,-95227,97889,-98155,-103870,104144,106927,-107205,-113174,113460,116364,-116654,-122877,123175
0,43,47,137,-262,-438,-450,-673,923,1232,1252,1608,1983,2425,2453,2942,3442,4017,4053,4675,-5300,-6008,-6052,-6807,7557,8398,8450,9338,10213,11187,11247,12268,13268,14375,14443,15597,-16722,-17962,-18038,-19325,20575,21948,22032,23452,24827,26333,26425,27978,29478,31117,31217,32903,-34528,-36300,-36408,-38227,39977,41882,41998,43950,45825,47863,47987,50072,52072,54243,54375,56593,-58718,-61022,-61162,-63513,65763,68200,68348,70832,73207,75777,75933,78550,81050,83753,83917,86667,-89292,-92128,-92300,-95183,97933,100902,101082,104098,106973,110075,110263,113412,116412,119647,119843,123125
0,-1,-131,136,-263,270,660,-671,925,-938,-1588,1605,1986,-2005,-2915,2938,3446,-3471,-4641,4670,-5305,5336,6766,-6801,7563,-7600,-9290,9331,10220,-10263,-12213,12260,13276,-13325,-15535,15588,-16731,16786,19256,-19315,20585,-20646,-23376,23441,24838,-24905,-27895,27966,29490,-29563,-32813,32890,-34541,34620,38130,-38213,39991,-40076,-43846,43935,45840,-45931,-49961,50056,52088,-52185,-56475,56576,-58735,58838,63388,-63495,65781,-65890,-70700,70813,73226,-73341,-78411,78530,81070,-81191,-86521,86646,-89313,89440,95030,-95161,97955,-98088,-103938,104075,106996,-107135,-113245,113388,116436,-116581,-122951,123100
0,44,45,134,-265,-442,-445,-667,929,1239,1244,1599,1992,2435,2442,2930,3454,4030,4039,4660,-5315,-6024,-6035,-6789,7575,8417,8430,9317,10234,11209,11224,12244,13292,14400,14417,15570,-16749,-17990,-18009,-19295,20605,21979,22000,23419,24860,26367,26390,27942,29514,31154,31179,32864,-34567,-36340,-36367,-38185,40019,41925,41954,43905,45870,47909,47940,50024,52120,54292,54325,56542,-58769,-61074,-61109,-63459,65817,68255,68292,70775,73264,75835,75874,78490,81110,83814,83855,86604,-89355,-92192,-92235,-95117,97999,100969,101014,104029,107042,110145,110192,113340,116484,119720,119769,123050
0,43,45,131,-268,-440,-446,-661,935,1236,1246,1590,2001,2431,2445,2918,3466,4025,4043,4645,-5330,-6018,-6040,-6771,7593,8410,8436,9296,10255,11201,11231,12220,13316,14391,14425,15543,-16776,-17980,-18018,-19265,20635,21968,22010,23386,24893,26355,26401,27906,29550,31141,31191,32825,-34606,-36326,-36380,-38143,40061,41910,41968,43860,45915,47893,47955,49976,52168,54275,54341,56491,-58820,-61056,-61126,-63405,65871,68236,68310,70718,73321,75815,75893,78430,81170,83793,83875,86541,-89418,-92170,-92256,-95051,98065,100946,101036,103960,107111,110121,110215,113268,116556,119695,119793,122975
0,41,46,128,-271,-435,-450,-655,941,1228,1253,1581,2010,2420,2455,2906,3478,4011,4056,4630,-5345,-6001,-6056,-6753,7611,8390,8455,9275,10276,11178,11253,12196,13340,14365,14450,15516,-16803,-17951,-18046,-19235,20665,21936,22041,23353,24926,26320,26435,27870,29586,31103,31228,32786,-34645,-36285,-36420,-38101,40103,41866,42011,43815,45960,47846,48001,49928,52216,54225,54390,56440,-58871,-61003,-61178,-63351,65925,68180,68365,70661,73378,75756,75951,78370,81230,83731,83936,86478,-89481,-92105,-92320,-94985,98131,100878,101103,103891,107180,110050,110285,113196,116628,119621,119866,122900
0,39,47,125,-274,-430,-454,-649,947,1220,1260,1572,2019,2409,2465,2894,3490,3997,4069,4615,-5360,-5984,-6072,-6735,7629,8370,8474,9254,10297,11155,11275,12172,13364,14339,14475,15489,-16830,-17922,-18074,-19205,20695,21904,22072,23320,24959,26285,26469,27834,29622,31065,31265,32747,-34684,-36244,-36460,-38059,40145,41822,42054,43770,46005,47799,48047,49880,52264,54175,54439,56389,-58922,-60950,-61230,-63297,65979,68124,68420,70604,73435,75697,76009,78310,81290,83669,83997,86415,-89544,-92040,-92384,-94919,98197,100810,101170,103822,107249,109979,110355,113124,116700,119547,119939,122825
0,37,48,122,-277,-425,-458,-643,953,1212,1267,1563,2028,2398,2475,2882,3502,3983,4082,4600,-5375,-5967,-6088,-6717,7647,8350,8493,9233,10318,11132,11297,12148,13388,14313,14500,15462,-16857,-17893,-18102,-19175,20725,21872,22103,23287,24992,26250,26503,27798,29658,31027,31302,32708,-34723,-36203,-36500,-38017,40187,41778,42097,43725,46050,47752,48093,49832,52312,54125,54488,56338,-58973,-60897,-61282,-63243,66033,68068,68475,70547,73492,75638,76067,78250,81350,83607,84058,86352,-89607,-91975,-92448,-94853,98263,100742,101237,103753,107318,109908,110425,113052,116772,119473,120012,122750
0,35,49,119,-280,-420,-462,-637,959,1204,1274,1554,2037,2387,2485,2870,3514,3969,4095,4585,-5390,-5950,-6104,-6699,7665,8330,8512,9212,10339,11109,11319,12124,13412,14287,14525,15435,-16884,-17864,-18130,-19145,20755,21840,22134,23254,25025,26215,26537,27762,29694,30989,31339,32669,-34762,-36162,-36540,-37975,40229,41734,42140,43680,46095,47705,48139,49784,52360,54075,54537,56287,-59024,-60844,-61334,-63189,66087,68012,68530,70490,73549,75579,76125,78190,81410,83545,84119,86289,-89670,-91910,-92512,-94787,98329,100674,101304,103684,107387,109837,110495,112980,116844,119399,120085,122675
0,33,50,116,-283,-415,-466,-631,965,1196,1281,1545,2046,2376,2495,2858,3526,3955,4108,4570,-5405,-5933,-6120,-6681,7683,8310,8531,9191,10360,11086,11341,12100,13436,14261,14550,15408,-16911,-17835,-18158,-19115,20785,21808,22165,23221,25058,26180,26571,27726,29730,30951,31376,32630,-34801,-36121,-36580,-37933,40271,41690,42183,43635,46140,47658,48185,49736,52408,54025,54586,56236,-59075,-60791,-61386,-63135,66141,67956,68585,70433,73606,75520,76183,78130,81470,83483,84180,86226,-89733,-91845,-92576,-94721,98395,100606,101371,103615,107456,109766,110565,112908,116916,119325,120158,122600
0,31,51,113,-286,-410,-470,-625,971,1188,1288,1536,2055,2365,2505,2846,3538,3941,4121,4555,-5420,-5916,-6136,-6663,7701,8290,8550,9170,10381,11063,11363,12076,13460,14235,14575,15381,-16938,-17806,-18186,-19085,20815,21776,22196,23188,25091,26145,26605,27690,29766,30913,31413,32591,-34840,-36080,-36620,-37891,40313,41646,42226,43590,46185,47611,48231,49688,52456,53975,54635,56185,-59126,-60738,-61438,-63081,66195,67900,68640,70376,73663,75461,76241,78070,81530,83421,84241,86163,-89796,-91780,-92640,-94655,98461,100538,101438,103546,107525,109695,110635,112836,116988,119251,120231,122525
0,29,52,110,-289,-405,-474,-619,977,1180,1295,1527,2064,2354,2515,2834,3550,3927,4134,4540,-5435,-5899,-6152,-6645,7719,8270,8569,9149,10402,11040,11385,12052,13484,14209,14600,15354,-16965,-17777,-18214,-19055,20845,21744,22227,23155,25124,26110,26639,27654,29802,30875,31450,32552,-34879,-36039,-36660,-37849,40355,41602,42269,43545,46230,47564,48277,49640,52504,53925,54684,56134,-59177,-60685,-61490,-63027,66249,67844,68695,70319,73720,75402,76299,78010,81590,83359,84302,86100,-89859,-91715,-92704,-94589,98527,100470,101505,103477,107594,109624,110705,112764,117060,119177,120304,122450
0,27,53,107,-292,-400,-478,-613,983,1172,1302,1518,2073,2343,2525,2822,3562,3913,4147,4525,-5450,-5882,-6168,-6627,7737,8250,8588,9128,10423,11017,11407,12028,13508,14183,14625,15327,-16992,-17748,-18242,-19025,20875,21712,22258,23122,25157,26075,26673,27618,29838,30837,31487,32513,-34918,-35998,-36700,-37807,40397,41558,42312,43500,46275,47517,48323,49592,52552,53875,54733,56083,-59228,-60632,-61542,-62973,66303,67788,68750,70262,73777,75343,76357,77950,81650,83297,84363,86037,-89922,-91650,-92768,-94523,98593,100402,101572,103408,107663,109553,110775,112692,117132,119103,120377,122375
0,25,54,104,-295,-395,-482,-607,989,1164,1309,1509,2082,2332,2535,2810,3574,3899,4160,4510,-5465,-5865,-6184,-6609,7755,8230,8607,9107,10444,10994,11429,12004,13532,14157,14650,15300,-17019,-17719,-18270,-18995,20905,21680,22289,23089,25190,26040,26707,27582,29874,30799,31524,32474,-34957,-35957,-36740,-37765,40439,41514,42355,43455,46320,47470,48369,49544,52600,53825,54782,56032,-59279,-60579,-61594,-62919,66357,67732,68805,70205,73834,75284,76415,77890,81710,83235,84424,85974,-89985,-91585,-92832,-94457,98659,100334,101639,103339,107732,109482,110845,112620,117204,119029,120450,122300
0,23,55,101,-298,-390,-486,-601,995,1156,1316,1500,2091,2321,2545,2798,3586,3885,4173,4495,-5480,-5848,-6200,-6591,7773,8210,8626,9086,10465,10971,11451,11980,13556,14131,14675,15273,-17046,-17690,-18298,-18965,20935,21648,22320,23056,25223,26005,26741,27546,29910,30761,31561,32435,-34996,-35916,-36780,-37723,40481,41470,42398,43410,46365,47423,48415,49496,52648,53775,54831,55981,-59330,-60526,-61646,-62865,66411,67676,68860,70148,73891,75225,76473,77830,81770,83173,84485,85911,-90048,-91520,-92896,-94391,98725,100266,101706,103270,107801,109411,110915,112548,117276,118955,120523,122225
0,21,56,98,-301,-385,-490,-595,1001,1148,1323,1491,2100,2310,2555,2786,3598,3871,4186,4480,-5495,-5831,-6216,-6573,7791,8190,8645,9065,10486,10948,11473,11956,13580,14105,14700,15246,-17073,-17661,-18326,-18935,20965,21616,22351,23023,25256,25970,26775,27510,29946,30723,31598,32396,-35035,-35875,-36820,-37681,40523,41426,42441,43365,46410,47376,48461,49448,52696,53725,54880,55930,-59381,-60473,-61698,-62811,66465,67620,68915,70091,73948,75166,76531,77770,81830,83111,84546,85848,-90111,-91455,-92960,-94325,98791,100198,101773,103201,107870,109340,110985,112476,117348,118881,120596,122150
0,19,57,95,-304,-380,-494,-589,1007,1140,1330,1482,2109,2299,2565,2774,3610,3857,4199,4465,-5510,-5814,-6232,-6555,7809,8170,8664,9044,10507,10925,11495,11932,13604,14079,14725,15219,-17100,-17632,-18354,-18905,20995,21584,22382,22990,25289,25935,26809,27474,29982,30685,31635,32357,-35074,-35834,-36860,-37639,40565,41382,42484,43320,46455,47329,48507,49400,52744,53675,54929,55879,-59432,-60420,-61750,-62757,66519,67564,68970,70034,74005,75107,76589,77710,81890,83049,84607,85785,-90174,-91390,-93024,-94259,98857,100130,101840,103132,107939,109269,111055,112404,117420,118807,120669,122075
0,17,58,92,-307,-375,-498,-583,1013,1132,1337,1473,2118,2288,2575,2762,3622,3843,4212,4450,-5525,-5797,-6248,-6537,7827,8150,8683,9023,10528,10902,11517,11908,13628,14053,14750,15192,-17127,-17603,-18382,-18875,21025,21552,22413,22957,25322,25900,26843,27438,30018,30647,31672,32318,-35113,-35793,-36900,-37597,40607,41338,42527,43275,46500,47282,48553,49352,52792,53625,54978,55828,-59483,-60367,-61802,-62703,66573,67508,69025,69977,74062,75048,76647,77650,81950,82987,84668,85722,-90237,-91325,-93088,-94193,98923,100062,101907,103063,108008,109198,111125,112332,117492,118733,120742,122000
0,15,59,89,-310,-370,-502,-577,1019,1124,1344,1464,2127,2277,2585,2750,3634,3829,4225,4435,-5540,-5780,-6264,-6519,7845,8130,8702,9002,10549,10879,11539,11884,13652,14027,14775,15165,-17154,-17574,-18410,-18845,21055,21520,22444,22924,25355,25865,26877,27402,30054,30609,31709,32279,-35152,-35752,-36940,-37555,40649,41294,42570,43230,46545,47235,48599,49304,52840,53575,55027,55777,-59534,-60314,-61854,-62649,66627,67452,69080,69920,74119,74989,76705,77590,82010,82925,84729,85659,-90300,-91260,-93152,-94127,98989,99994,101974,102994,108077,109127,111195,112260,117564,118659,120815,121925
0,13,60,86,-313,-365,-506,-571,1025,1116,1351,1455,2136,2266,2595,2738,3646,3815,4238,4420,-5555,-5763,-6280,-6501,7863,8110,8721,8981,10570,10856,11561,11860,13676,14001,14800,15138,-17181,-17545,-18438,-18815,21085,21488,22475,22891,25388,25830,26911,27366,30090,30571,31746,32240,-35191,-35711,-36980,-37513,40691,41250,42613,43185,46590,47188,48645,49256,52888,53525,55076,55726,-59585,-60261,-61906,-62595,66681,67396,69135,69863,74176,74930,76763,77530,82070,82863,84790,85596,-90363,-91195,-93216,-94061,99055,99926,102041,102925,108146,109056,111265,112188,117636,118585,120888,121850
0,11,61,83,-316,-360,-510,-565,1031,1108,1358,1446,2145,2255,2605,2726,3658,3801,4251,4405,-5570,-5746,-6296,-6483,7881,8090,8740,8960,10591,10833,11583,11836,13700,13975,14825,15111,-17208,-17516,-18466,-18785,21115,21456,22506,22858,25421,25795,26945,27330,30126,30533,31783,32201,-35230,-35670,-37020,-37471,40733,41206,42656,43140,46635,47141,48691,49208,52936,53475,55125,55675,-59636,-60208,-61958,-62541,66735,67340,69190,69806,74233,74871,76821,77470,82130,82801,84851,85533,-90426,-91130,-93280,-93995,99121,99858,102108,102856,108215,108985,111335,112116,117708,118511,120961,121775
0,9,62,80,-319,-355,-514,-559,1037,1100,1365,1437,2154,2244,2615,2714,3670,3787,4264,4390,-5585,-5729,-6312,-6465,7899,8070,8759,8939,10612,10810,11605,11812,13724,13949,14850,15084,-17235,-17487,-18494,-18755,21145,21424,22537,22825,25454,25760,26979,27294,30162,30495,31820,32162,-35269,-35629,-37060,-37429,40775,41162,42699,43095,46680,47094,48737,49160,52984,53425,55174,55624,-59687,-60155,-62010,-62487,66789,67284,69245,69749,74290,74812,76879,77410,82190,82739,84912,85470,-90489,-91065,-93344,-93929,99187,99790,102175,102787,108284,108914,111405,112044,117780,118437,121034,121700
0,7,63,77,-322,-350,-518,-553,1043,1092,1372,1428,2163,2233,2625,2702,3682,3773,4277,4375,-5600,-5712,-6328,-6447,7917,8050,8778,8918,10633,10787,11627,11788,13748,13923,14875,15057,-17262,-17458,-18522,-18725,21175,21392,22568,22792,25487,25725,27013,27258,30198,30457,31857,32123,-35308,-35588,-37100,-37387,40817,41118,42742,43050,46725,47047,48783,49112,53032,53375,55223,55573,-59738,-60102,-62062,-62433,66843,67228,69300,69692,74347,74753,76937,77350,82250,82677,84973,85407,-90552,-91000,-93408,-93863,99253,99722,102242,102718,108353,108843,111475,111972,117852,118363,121107,121625
0,5,64,74,-325,-345,-522,-547,1049,1084,1379,1419,2172,2222,2635,2690,3694,3759,4290,4360,-5615,-5695,-6344,-6429,7935,8030,8797,8897,10654,10764,11649,11764,13772,13897,14900,15030,-17289,-17429,-18550,-18695,21205,21360,22599,22759,25520,25690,27047,27222,30234,30419,31894,32084,-35347,-35547,-37140,-37345,40859,41074,42785,43005,46770,47000,48829,49064,53080,53325,55272,55522,-59789,-60049,-62114,-62379,66897,67172,69355,69635,74404,74694,76995,77290,82310,82615,85034,85344,-90615,-90935,-93472,-93797,99319,99654,102309,102649,108422,108772,111545,111900,117924,118289,121180,121550
0,3,65,71,-328,-340,-526,-541,1055,1076,1386,1410,2181,2211,2645,2678,3706,3745,4303,4345,-5630,-5678,-6360,-6411,7953,8010,8816,8876,10675,10741,11671,11740,13796,13871,14925,15003,-17316,-17400,-18578,-18665,21235,21328,22630,22726,25553,25655,27081,27186,30270,30381,31931,32045,-35386,-35506,-37180,-37303,40901,41030,42828,42960,46815,46953,48875,49016,53128,53275,55321,55471,-59840,-59996,-62166,-62325,66951,67116,69410,69578,74461,74635,77053,77230,82370,82553,85095,85281,-90678,-90870,-93536,-93731,99385,99586,102376,102580,108491,108701,111615,111828,117996,118215,121253,121475
0,1,66,68,-331,-335,-530,-535,1061,1068,1393,1401,2190,2200,2655,2666,3718,3731,4316,4330,-5645,-5661,-6376,-6393,7971,7990,8835,8855,10696,10718,11693,11716,13820,13845,14950,14976,-17343,-17371,-18606,-18635,21265,21296,22661,22693,25586,25620,27115,27150,30306,30343,31968,32006,-35425,-35465,-37220,-37261,40943,40986,42871,42915,46860,46906,48921,48968,53176,53225,55370,55420,-59891,-59943,-62218,-62271,67005,67060,69465,69521,74518,74576,77111,77170,82430,82491,85156,85218,-90741,-90805,-93600,-93665,99451,99518,102443,102511,108560,108630,111685,111756,118068,118141,121326,121400
