0,66,78,287,-288,-629,-665,-1149,1151,1767,1827,2586,2589,3480,3564,4598,4602,5768,5876,7185,-7190,-8631,-8763,-10347,10353,12069,12225,14084,14091,16082,16262,18396,18404,20670,20874,23283,-23292,-25833,-26061,-28745,28755,31571,31823,34782,34793,37884,38160,41394,41406,44772,45072,48581,-48594,-52235,-52559,-56343,56357,60273,60621,64680,64695,68886,69258,73592,73608,78074,78470,83079,-83096,-87837,-88257,-93141,93159,98175,98619,103778,103797,109088,109556,114990,115010,120576,121068,126777,-126798,-132639,-133155,-139139,139161,145277,145817,152076,152099,158490,159054,165588,165612,172278,172866,179675
0,-55,-91,286,-289,594,702,-1147,1153,-1708,-1888,2583,2592,-3397,-3649,4594,4606,-5661,-5985,7180,-7195,8500,8896,-10341,10359,-11914,-12382,14077,14098,-15903,-16443,18388,18412,-20467,-21079,23274,-23301,25606,26290,-28735,28765,-31320,-32076,34771,34804,-37609,-38437,41382,41418,-44473,-45373,48568,-48607,51912,52884,-56329,56371,-59926,-60970,64665,64710,-68515,-69631,73576,73624,-77679,-78867,83062,-83113,87418,88678,-93123,93177,-97732,-99064,103759,103816,-108621,-110025,114970,115030,-120085,-121561,126756,-126819,132124,133672,-139117,139183,-144738,-146358,152053,152122,-157927,-159619,165564,165636,-171691,-173455,179650
0,45,105,285,-290,-560,-740,-1145,1155,1650,1950,2580,2595,3315,3735,4590,4610,5555,6095,7175,-7200,-8370,-9030,-10335,10365,11760,12540,14070,14105,15725,16625,18380,18420,20265,21285,23265,-23310,-25380,-26520,-28725,28775,31070,32330,34760,34815,37335,38715,41370,41430,44175,45675,48555,-48620,-51590,-53210,-56315,56385,59580,61320,64650,64725,68145,70005,73560,73640,77285,79265,83045,-83130,-87000,-89100,-93105,93195,97290,99510,103740,103835,108155,110495,114950,115050,119595,122055,126735,-126840,-131610,-134190,-139095,139205,144200,146900,152030,152145,157365,160185,165540,165660,171105,174045,179625
0,-36,-120,284,-291,527,779,-1143,1157,-1593,-2013,2577,2598,-3234,-3822,4586,4614,-5450,-6206,7170,-7205,8241,9165,-10329,10371,-11607,-12699,14063,14112,-15548,-16808,18372,18428,-20064,-21492,23256,-23319,25155,26751,-28715,28785,-30821,-32585,34749,34826,-37062,-38994,41358,41442,-43878,-45978,48542,-48633,51269,53537,-56301,56399,-59235,-61671,64635,64740,-67776,-70380,73544,73656,-76892,-79664,83028,-83147,86583,89523,-93087,93213,-96849,-99957,103721,103854,-107690,-110966,114930,115070,-119106,-122550,126714,-126861,131097,134709,-139073,139227,-143663,-147443,152007,152168,-156804,-160752,165516,165684,-170520,-174636,179600
0,28,136,283,-292,-495,-819,-1141,1159,1537,2077,2574,2601,3154,3910,4582,4618,5346,6318,7165,-7210,-8113,-9301,-10323,10377,11455,12859,14056,14119,15372,16992,18364,18436,19864,21700,23247,-23328,-24931,-26983,-28705,28795,30573,32841,34738,34837,36790,39274,41346,41454,43582,46282,48529,-48646,-50949,-53865,-56287,56413,58891,62023,64620,64755,67408,70756,73528,73672,76500,80064,83011,-83164,-86167,-89947,-93069,93231,96409,100405,103702,103873,107226,111438,114910,115090,118618,123046,126693,-126882,-130585,-135229,-139051,139249,143127,147987,151984,152191,156244,161320,165492,165708,169936,175228,179575
0,-21,-153,282,-293,464,860,-1139,1161,-1482,-2142,2571,2604,-3075,-3999,4578,4622,-5243,-6431,7160,-7215,7986,9438,-10317,10383,-11304,-13020,14049,14126,-15197,-17177,18356,18444,-19665,-21909,23238,-23337,24708,27216,-28695,28805,-30326,-33098,34727,34848,-36519,-39555,41334,41466,-43287,-46587,48516,-48659,50630,54194,-56273,56427,-58548,-62376,64605,64770,-67041,-71133,73512,73688,-76109,-80465,82994,-83181,85752,90372,-93051,93249,-95970,-100854,103683,103892,-106763,-111911,114890,115110,-118131,-123543,126672,-126903,130074,135750,-139029,139271,-142592,-148532,151961,152214,-155685,-161889,165468,165732,-169353,-175821,179550
0,15,171,281,-294,-434,-902,-1137,1163,1428,2208,2568,2607,2997,4089,4574,4626,5141,6545,7155,-7220,-7860,-9576,-10311,10389,11154,13182,14042,14133,15023,17363,18348,18452,19467,22119,23229,-23346,-24486,-27450,-28685,28815,30080,33356,34716,34859,36249,39837,41322,41478,42993,46893,48503,-48672,-50312,-54524,-56259,56441,58206,62730,64590,64785,66675,71511,73496,73704,75719,80867,82977,-83198,-85338,-90798,-93033,93267,95532,101304,103664,103911,106301,112385,114870,115130,117645,124041,126651,-126924,-129564,-136272,-139007,139293,142058,149078,151938,152237,155127,162459,165444,165756,168771,176415,179525
0,-10,-190,280,-295,405,945,-1135,1165,-1375,-2275,2565,2610,-2920,-4180,4570,4630,-5040,-6660,7150,-7225,7735,9715,-10305,10395,-11005,-13345,14035,14140,-14850,-17550,18340,18460,-19270,-22330,23220,-23355,24265,27685,-28675,28825,-29835,-33615,34705,34870,-35980,-40120,41310,41490,-42700,-47200,48490,-48685,49995,54855,-56245,56455,-57865,-63085,64575,64800,-66310,-71890,73480,73720,-75330,-81270,82960,-83215,84925,91225,-93015,93285,-95095,-101755,103645,103930,-105840,-112860,114850,115150,-117160,-124540,126630,-126945,129055,136795,-138985,139315,-141525,-149625,151915,152260,-154570,-163030,165420,165780,-168190,-177010,179500
0,6,210,279,-296,-377,-989,-1133,1167,1323,2343,2562,2613,2844,4272,4566,4634,4940,6776,7145,-7230,-7611,-9855,-10299,10401,10857,13509,14028,14147,14678,17738,18332,18468,19074,22542,23211,-23364,-24045,-27921,-28665,28835,29591,33875,34694,34881,35712,40404,41298,41502,42408,47508,48477,-48698,-49679,-55187,-56231,56469,57525,63441,64560,64815,65946,72270,73464,73736,74942,81674,82943,-83232,-84513,-91653,-92997,93303,94659,102207,103626,103949,105380,113336,114830,115170,116676,125040,126609,-126966,-128547,-137319,-138963,139337,140993,150173,151892,152283,154014,163602,165396,165804,167610,177606,179475
0,-3,-231,278,-297,350,1034,-1131,1169,-1272,-2412,2559,2616,-2769,-4365,4562,4638,-4841,-6893,7140,-7235,7488,9996,-10293,10407,-10710,-13674,14021,14154,-14507,-17927,18324,18476,-18879,-22755,23202,-23373,23826,28158,-28655,28845,-29348,-34136,34683,34892,-35445,-40689,41286,41514,-42117,-47817,48464,-48711,49364,55520,-56217,56483,-57186,-63798,64545,64830,-65583,-72651,73448,73752,-74555,-82079,82926,-83249,84102,92082,-92979,93321,-94224,-102660,103607,103968,-104921,-113813,114810,115190,-116193,-125541,126588,-126987,128040,137844,-138941,139359,-140462,-150722,151869,152306,-153459,-164175,165372,165828,-167031,-178203,179450
0,1,253,277,-298,-324,-1080,-1129,1171,1222,2482,2556,2619,2695,4459,4558,4642,4743,7011,7135,-7240,-7366,-10138,-10287,10413,10564,13840,14014,14161,14337,18117,18316,18484,18685,22969,23193,-23382,-23608,-28396,-28645,28855,29106,34398,34672,34903,35179,40975,41274,41526,41827,48127,48451,-48724,-49050,-55854,-56203,56497,56848,64156,64530,64845,65221,73033,73432,73768,74169,82485,82909,-83266,-83692,-92512,-92961,93339,93790,103114,103588,103987,104463,114291,114790,115210,115711,126043,126567,-127008,-127534,-138370,-138919,139381,139932,151272,151846,152329,152905,164749,165348,165852,166453,178801,179425
0,1,252,274,-301,-325,-1078,-1123,1177,1224,2479,2547,2628,2698,4455,4546,4654,4747,7006,7120,-7255,-7371,-10132,-10269,10431,10570,13833,13993,14182,14344,18109,18292,18508,18693,22960,23166,-23409,-23617,-28386,-28615,28885,29116,34387,34639,34936,35190,40963,41238,41562,41839,48114,48412,-48763,-49063,-55840,-56161,56539,56862,64141,64485,64890,65236,73017,73384,73816,74185,82468,82858,-83317,-83709,-92494,-92907,93393,93808,103095,103531,104044,104482,114271,114730,115270,115731,126022,126504,-127071,-127555,-138348,-138853,139447,139954,151249,151777,152398,152928,164725,165276,165924,166477,178776,179350
0,-3,-230,273,-302,351,1032,-1121,1179,-1274,-2409,2544,2631,-2772,-4361,4542,4658,-4845,-6888,7115,-7260,7493,9990,-10263,10437,-10716,-13667,13986,14189,-14514,-17919,18284,18516,-18887,-22746,23157,-23418,23835,28148,-28605,28895,-29358,-34125,34628,34947,-35456,-40677,41226,41574,-42129,-47804,48399,-48776,49377,55506,-56147,56553,-57200,-63783,64470,64905,-65598,-72635,73368,73832,-74571,-82062,82841,-83334,84119,92064,-92889,93411,-94242,-102641,103512,104063,-104940,-113793,114710,115290,-116213,-125520,126483,-127092,128061,137822,-138831,139469,-140484,-150699,151754,152421,-153482,-164151,165252,165948,-167055,-178178,179325
0,6,209,272,-303,-378,-987,-1119,1181,1325,2340,2541,2634,2847,4268,4538,4662,4944,6771,7110,-7265,-7616,-9849,-10257,10443,10863,13502,13979,14196,14685,17730,18276,18524,19082,22533,23148,-23427,-24054,-27911,-28595,28905,29601,33864,34617,34958,35723,40392,41214,41586,42420,47495,48386,-48789,-49692,-55173,-56133,56567,57539,63426,64455,64920,65961,72254,73352,73848,74958,81657,82824,-83351,-84530,-91635,-92871,93429,94677,102188,103493,104082,105399,113316,114690,115310,116696,125019,126462,-127113,-128568,-137297,-138809,139491,141015,150150,151731,152444,154037,163578,165228,165972,167634,177581,179300
0,-10,-189,271,-304,406,943,-1117,1183,-1377,-2272,2538,2637,-2923,-4176,4534,4666,-5044,-6655,7105,-7270,7740,9709,-10251,10449,-11011,-13338,13972,14203,-14857,-17542,18268,18532,-19278,-22321,23139,-23436,24274,27675,-28585,28915,-29845,-33604,34606,34969,-35991,-40108,41202,41598,-42712,-47187,48373,-48802,50008,54841,-56119,56581,-57879,-63070,64440,64935,-66325,-71874,73336,73864,-75346,-81253,82807,-83368,84942,91207,-92853,93447,-95113,-101736,103474,104101,-105859,-112840,114670,115330,-117180,-124519,126441,-127134,129076,136773,-138787,139513,-141547,-149602,151708,152467,-154593,-163006,165204,165996,-168214,-176985,179275
0,15,170,270,-305,-435,-900,-1115,1185,1430,2205,2535,2640,3000,4085,4530,4670,5145,6540,7100,-7275,-7865,-9570,-10245,10455,11160,13175,13965,14210,15030,17355,18260,18540,19475,22110,23130,-23445,-24495,-27440,-28575,28925,30090,33345,34595,34980,36260,39825,41190,41610,43005,46880,48360,-48815,-50325,-54510,-56105,56595,58220,62715,64425,64950,66690,71495,73320,73880,75735,80850,82790,-83385,-85355,-90780,-92835,93465,95550,101285,103455,104120,106320,112365,114650,115350,117665,124020,126420,-127155,-129585,-136250,-138765,139535,142080,149055,151685,152490,155150,162435,165180,166020,168795,176390,179250
0,-21,-152,269,-306,465,858,-1113,1187,-1484,-2139,2532,2643,-3078,-3995,4526,4674,-5247,-6426,7095,-7280,7991,9432,-10239,10461,-11310,-13013,13958,14217,-15204,-17169,18252,18548,-19673,-21900,23121,-23454,24717,27206,-28565,28935,-30336,-33087,34584,34991,-36530,-39543,41178,41622,-43299,-46574,48347,-48828,50643,54180,-56091,56609,-58562,-62361,64410,64965,-67056,-71117,73304,73896,-76125,-80448,82773,-83402,85769,90354,-92817,93483,-95988,-100835,103436,104139,-106782,-111891,114630,115370,-118151,-123522,126399,-127176,130095,135728,-138743,139557,-142614,-148509,151662,152513,-155708,-161865,165156,166044,-169377,-175796,179225
0,28,135,268,-307,-496,-817,-1111,1189,1539,2074,2529,2646,3157,3906,4522,4678,5350,6313,7090,-7285,-8118,-9295,-10233,10467,11461,12852,13951,14224,15379,16984,18244,18556,19872,21691,23112,-23463,-24940,-26973,-28555,28945,30583,32830,34573,35002,36801,39262,41166,41634,43594,46269,48334,-48841,-50962,-53851,-56077,56623,58905,62008,64395,64980,67423,70740,73288,73912,76516,80047,82756,-83419,-86184,-89929,-92799,93501,96427,100386,103417,104158,107245,111418,114610,115390,118638,123025,126378,-127197,-130606,-135207,-138721,139579,143149,147964,151639,152536,156267,161296,165132,166068,169960,175203,179200
0,-36,-119,267,-308,528,777,-1109,1191,-1595,-2010,2526,2649,-3237,-3818,4518,4682,-5454,-6201,7085,-7290,8246,9159,-10227,10473,-11613,-12692,13944,14231,-15555,-16800,18236,18564,-20072,-21483,23103,-23472,25164,26741,-28545,28955,-30831,-32574,34562,35013,-37073,-38982,41154,41646,-43890,-45965,48321,-48854,51282,53523,-56063,56637,-59249,-61656,64380,64995,-67791,-70364,73272,73928,-76908,-79647,82739,-83436,86600,89505,-92781,93519,-96867,-99938,103398,104177,-107709,-110946,114590,115410,-119126,-122529,126357,-127218,131118,134687,-138699,139601,-143685,-147420,151616,152559,-156827,-160728,165108,166092,-170544,-174611,179175
0,45,104,266,-309,-561,-738,-1107,1193,1652,1947,2523,2652,3318,3731,4514,4686,5559,6090,7080,-7295,-8375,-9024,-10221,10479,11766,12533,13937,14238,15732,16617,18228,18572,20273,21276,23094,-23481,-25389,-26510,-28535,28965,31080,32319,34551,35024,37346,38703,41142,41658,44187,45662,48308,-48867,-51603,-53196,-56049,56651,59594,61305,64365,65010,68160,69989,73256,73944,77301,79248,82722,-83453,-87017,-89082,-92763,93537,97308,99491,103379,104196,108174,110475,114570,115430,119615,122034,126336,-127239,-131631,-134168,-138677,139623,144222,146877,151593,152582,157388,160161,165084,166116,171129,174020,179150
0,-55,-90,265,-310,595,700,-1105,1195,-1710,-1885,2520,2655,-3400,-3645,4510,4690,-5665,-5980,7075,-7300,8505,8890,-10215,10485,-11920,-12375,13930,14245,-15910,-16435,18220,18580,-20475,-21070,23085,-23490,25615,26280,-28525,28975,-31330,-32065,34540,35035,-37620,-38425,41130,41670,-44485,-45360,48295,-48880,51925,52870,-56035,56665,-59940,-60955,64350,65025,-68530,-69615,73240,73960,-77695,-78850,82705,-83470,87435,88660,-92745,93555,-97750,-99045,103360,104215,-108640,-110005,114550,115450,-120105,-121540,126315,-127260,132145,133650,-138655,139645,-144760,-146335,151570,152605,-157950,-159595,165060,166140,-171715,-173430,179125
0,66,77,264,-311,-630,-663,-1103,1197,1769,1824,2517,2658,3483,3560,4506,4694,5772,5871,7070,-7305,-8636,-8757,-10209,10491,12075,12218,13923,14252,16089,16254,18212,18588,20678,20865,23076,-23499,-25842,-26051,-28515,28985,31581,31812,34529,35046,37895,38148,41118,41682,44784,45059,48282,-48893,-52248,-52545,-56021,56679,60287,60606,64335,65040,68901,69242,73224,73976,78090,78453,82688,-83487,-87854,-88239,-92727,93573,98193,98600,103341,104234,109107,109536,114530,115470,120596,121047,126294,-127281,-132660,-133133,-138633,139667,145299,145794,151547,152628,158513,159030,165036,166164,172302,172841,179100
0,-65,-78,263,-312,627,666,-1101,1199,-1764,-1829,2514,2661,-3476,-3567,4502,4698,-5763,-5880,7065,-7310,8625,8768,-10203,10497,-12062,-12231,13916,14259,-16074,-16269,18204,18596,-20661,-20882,23067,-23508,25823,26070,-28505,28995,-31560,-31833,34518,35057,-37872,-38171,41106,41694,-44759,-45084,48269,-48906,52221,52572,-56007,56693,-60258,-60635,64320,65055,-68870,-69273,73208,73992,-78057,-78486,82671,-83504,87819,88274,-92709,93591,-98156,-98637,103322,104253,-109068,-109575,114510,115490,-120555,-121088,126273,-127302,132617,133176,-138611,139689,-145254,-145839,151524,152651,-158466,-159077,165012,166188,-172253,-172890,179075
0,54,91,262,-313,-592,-703,-1099,1201,1705,1890,2511,2664,3393,3652,4498,4702,5656,5989,7060,-7315,-8494,-8901,-10197,10503,11907,12388,13909,14266,15895,16450,18196,18604,20458,21087,23058,-23517,-25596,-26299,-28495,29005,31309,32086,34507,35068,37597,38448,41094,41706,44460,45385,48256,-48919,-51898,-52897,-55993,56707,59911,60984,64305,65070,68499,69646,73192,74008,77662,78883,82654,-83521,-87400,-88695,-92691,93609,97713,99082,103303,104272,108601,110044,114490,115510,120064,121581,126252,-127323,-132102,-133693,-138589,139711,144715,146380,151501,152674,157903,159642,164988,166212,171666,173479,179050
0,-44,-105,261,-314,558,741,-1097,1203,-1647,-1952,2508,2667,-3311,-3738,4494,4706,-5550,-6099,7055,-7320,8364,9035,-10191,10509,-11753,-12546,13902,14273,-15717,-16632,18188,18612,-20256,-21293,23049,-23526,25370,26529,-28485,29015,-31059,-32340,34496,35079,-37323,-38726,41082,41718,-44162,-45687,48243,-48932,51576,53223,-55979,56721,-59565,-61334,64290,65085,-68129,-70020,73176,74024,-77268,-79281,82637,-83538,86982,89117,-92673,93627,-97271,-99528,103284,104291,-108135,-110514,114470,115530,-119574,-122075,126231,-127344,131588,134211,-138567,139733,-144177,-146922,151478,152697,-157341,-160208,164964,166236,-171080,-174069,179025
0,35,120,260,-315,-525,-780,-1095,1205,1590,2015,2505,2670,3230,3825,4490,4710,5445,6210,7050,-7325,-8235,-9170,-10185,10515,11600,12705,13895,14280,15540,16815,18180,18620,20055,21500,23040,-23535,-25145,-26760,-28475,29025,30810,32595,34485,35090,37050,39005,41070,41730,43865,45990,48230,-48945,-51255,-53550,-55965,56735,59220,61685,64275,65100,67760,70395,73160,74040,76875,79680,82620,-83555,-86565,-89540,-92655,93645,96830,99975,103265,104310,107670,110985,114450,115550,119085,122570,126210,-127365,-131075,-134730,-138545,139755,143640,147465,151455,152720,156780,160775,164940,166260,170495,174660,179000
0,-27,-136,259,-316,493,820,-1093,1207,-1534,-2079,2502,2673,-3150,-3913,4486,4714,-5341,-6322,7045,-7330,8107,9306,-10179,10521,-11448,-12865,13888,14287,-15364,-16999,18172,18628,-19855,-21708,23031,-23544,24921,26992,-28465,29035,-30562,-32851,34474,35101,-36778,-39285,41058,41742,-43569,-46294,48217,-48958,50935,53878,-55951,56749,-58876,-62037,64260,65115,-67392,-70771,73144,74056,-76483,-80080,82603,-83572,86149,89964,-92637,93663,-96390,-100423,103246,104329,-107206,-111457,114430,115570,-118597,-123066,126189,-127386,130563,135250,-138523,139777,-143104,-148009,151432,152743,-156220,-161343,164916,166284,-169911,-175252,178975
0,20,153,258,-317,-462,-861,-1091,1209,1479,2144,2499,2676,3071,4002,4482,4718,5238,6435,7040,-7335,-7980,-9443,-10173,10527,11297,13026,13881,14294,15189,17184,18164,18636,19656,21917,23022,-23553,-24698,-27225,-28455,29045,30315,33108,34463,35112,36507,39566,41046,41754,43274,46599,48204,-48971,-50616,-54207,-55937,56763,58533,62390,64245,65130,67025,71148,73128,74072,76092,80481,82586,-83589,-85734,-90389,-92619,93681,95951,100872,103227,104348,106743,111930,114410,115590,118110,123563,126168,-127407,-130052,-135771,-138501,139799,142569,148554,151409,152766,155661,161912,164892,166308,169328,175845,178950
0,-14,-171,257,-318,432,903,-1089,1211,-1425,-2210,2496,2679,-2993,-4092,4478,4722,-5136,-6549,7035,-7340,7854,9581,-10167,10533,-11147,-13188,13874,14301,-15015,-17370,18156,18644,-19458,-22127,23013,-23562,24476,27459,-28445,29055,-30069,-33366,34452,35123,-36237,-39848,41034,41766,-42980,-46905,48191,-48984,50298,54537,-55923,56777,-58191,-62744,64230,65145,-66659,-71526,73112,74088,-75702,-80883,82569,-83606,85320,90815,-92601,93699,-95513,-101322,103208,104367,-106281,-112404,114390,115610,-117624,-124061,126147,-127428,129542,136293,-138479,139821,-142035,-149100,151386,152789,-155103,-162482,164868,166332,-168746,-176439,178925
0,9,190,256,-319,-403,-946,-1087,1213,1372,2277,2493,2682,2916,4183,4474,4726,5035,6664,7030,-7345,-7729,-9720,-10161,10539,10998,13351,13867,14308,14842,17557,18148,18652,19261,22338,23004,-23571,-24255,-27694,-28435,29065,29824,33625,34441,35134,35968,40131,41022,41778,42687,47212,48178,-48997,-49981,-54868,-55909,56791,57850,63099,64215,65160,66294,71905,73096,74104,75313,81286,82552,-83623,-84907,-91242,-92583,93717,95076,101773,103189,104386,105820,112879,114370,115630,117139,124560,126126,-127449,-129033,-136816,-138457,139843,141502,149647,151363,152812,154546,163053,164844,166356,168165,177034,178900
0,-5,-210,255,-320,375,990,-1085,1215,-1320,-2345,2490,2685,-2840,-4275,4470,4730,-4935,-6780,7025,-7350,7605,9860,-10155,10545,-10850,-13515,13860,14315,-14670,-17745,18140,18660,-19065,-22550,22995,-23580,24035,27930,-28425,29075,-29580,-33885,34430,35145,-35700,-40415,41010,41790,-42395,-47520,48165,-49010,49665,55200,-55895,56805,-57510,-63455,64200,65175,-65930,-72285,73080,74120,-74925,-81690,82535,-83640,84495,91670,-92565,93735,-94640,-102225,103170,104405,-105360,-113355,114350,115650,-116655,-125060,126105,-127470,128525,137340,-138435,139865,-140970,-150195,151340,152835,-153990,-163625,164820,166380,-167585,-177630,178875
0,2,231,254,-321,-348,-1035,-1083,1217,1269,2414,2487,2688,2765,4368,4466,4734,4836,6897,7020,-7355,-7482,-10001,-10149,10551,10703,13680,13853,14322,14499,17934,18132,18668,18870,22763,22986,-23589,-23816,-28167,-28415,29085,29337,34146,34419,35156,35433,40700,40998,41802,42104,47829,48152,-49023,-49350,-55533,-55881,56819,57171,63812,64185,65190,65567,72666,73064,74136,74538,82095,82518,-83657,-84084,-92099,-92547,93753,94205,102678,103151,104424,104901,113832,114330,115670,116172,125561,126084,-127491,-128018,-137865,-138413,139887,140439,150744,151317,152858,153435,164198,164796,166404,167006,178227,178850
0,2,228,249,-326,-351,-1029,-1073,1227,1275,2405,2472,2703,2774,4356,4446,4754,4848,6882,6995,-7380,-7497,-9983,-10119,10581,10721,13659,13818,14357,14520,17910,18092,18708,18894,22736,22941,-23634,-23843,-28137,-28365,29135,29367,34113,34364,35211,35466,40664,40938,41862,42140,47790,48087,-49088,-49389,-55491,-55811,56889,57213,63767,64110,65265,65612,72618,72984,74216,74586,82044,82433,-83742,-84135,-92045,-92457,93843,94259,102621,103056,104519,104958,113772,114230,115770,116232,125498,125979,-127596,-128081,-137799,-138303,139997,140505,150675,151202,152973,153504,164126,164676,166524,167078,178152,178725
0,-5,-207,248,-327,378,984,-1071,1229,-1326,-2336,2469,2706,-2849,-4263,4442,4758,-4947,-6765,6990,-7385,7620,9842,-10113,10587,-10868,-13494,13811,14364,-14691,-17721,18084,18716,-19089,-22523,22932,-23643,24062,27900,-28355,29145,-29610,-33852,34353,35222,-35733,-40379,40926,41874,-42431,-47481,48074,-49101,49704,55158,-55797,56903,-57552,-63410,64095,65280,-65975,-72237,72968,74232,-74973,-81639,82416,-83759,84546,91616,-92439,93861,-94694,-102168,103037,104538,-105417,-113295,114210,115790,-116715,-124997,125958,-127617,128588,137274,-138281,140019,-141036,-150126,151179,152996,-154059,-163553,164652,166548,-167657,-177555,178700
0,9,187,247,-328,-406,-940,-1069,1231,1378,2268,2466,2709,2925,4171,4438,4762,5047,6649,6985,-7390,-7744,-9702,-10107,10593,11016,13330,13804,14371,14863,17533,18076,18724,19285,22311,22923,-23652,-24282,-27664,-28345,29155,29854,33592,34342,35233,36001,40095,40914,41886,42723,47173,48061,-49114,-50020,-54826,-55783,56917,57892,63054,64080,65295,66339,71857,72952,74248,75361,81235,82399,-83776,-84958,-91188,-92421,93879,95130,101716,103018,104557,105877,112819,114190,115810,117199,124497,125937,-127638,-129096,-136750,-138259,140041,141568,149578,151156,153019,154615,162981,164628,166572,168237,176959,178675
0,-14,-168,246,-329,435,897,-1067,1233,-1431,-2201,2463,2712,-3002,-4080,4434,4766,-5148,-6534,6980,-7395,7869,9563,-10101,10599,-11165,-13167,13797,14378,-15036,-17346,18068,18732,-19482,-22100,22914,-23661,24503,27429,-28335,29165,-30099,-33333,34331,35244,-36270,-39812,40902,41898,-43016,-46866,48048,-49127,50337,54495,-55769,56931,-58233,-62699,64065,65310,-66704,-71478,72936,74264,-75750,-80832,82382,-83793,85371,90761,-92403,93897,-95567,-101265,102999,104576,-106338,-112344,114170,115830,-117684,-123998,125916,-127659,129605,136227,-138237,140063,-142101,-149031,151133,153042,-155172,-162410,164604,166596,-168818,-176364,178650
0,20,150,245,-330,-465,-855,-1065,1235,1485,2135,2460,2715,3080,3990,4430,4770,5250,6420,6975,-7400,-7995,-9425,-10095,10605,11315,13005,13790,14385,15210,17160,18060,18740,19680,21890,22905,-23670,-24725,-27195,-28325,29175,30345,33075,34320,35255,36540,39530,40890,41910,43310,46560,48035,-49140,-50655,-54165,-55755,56945,58575,62345,64050,65325,67070,71100,72920,74280,76140,80430,82365,-83810,-85785,-90335,-92385,93915,96005,100815,102980,104595,106800,111870,114150,115850,118170,123500,125895,-127680,-130115,-135705,-138215,140085,142635,148485,151110,153065,155730,161840,164580,166620,169400,175770,178625
0,-27,-133,244,-331,496,814,-1063,1237,-1540,-2070,2457,2718,-3159,-3901,4426,4774,-5353,-6307,6970,-7405,8122,9288,-10089,10611,-11466,-12844,13783,14392,-15385,-16975,18052,18748,-19879,-21681,22896,-23679,24948,26962,-28315,29185,-30592,-32818,34309,35266,-36811,-39249,40878,41922,-43605,-46255,48022,-49153,50974,53836,-55741,56959,-58918,-61992,64035,65340,-67437,-70723,72904,74296,-76531,-80029,82348,-83827,86200,89910,-92367,93933,-96444,-100366,102961,104614,-107263,-111397,114130,115870,-118657,-123003,125874,-127701,130626,135184,-138193,140107,-143170,-147940,151087,153088,-156289,-161271,164556,166644,-169983,-175177,178600
0,35,117,243,-332,-528,-774,-1061,1239,1596,2006,2454,2721,3239,3813,4422,4778,5457,6195,6965,-7410,-8250,-9152,-10083,10617,11618,12684,13776,14399,15561,16791,18044,18756,20079,21473,22887,-23688,-25172,-26730,-28305,29195,30840,32562,34298,35277,37083,38969,40866,41934,43901,45951,48009,-49166,-51294,-53508,-55727,56973,59262,61640,64020,65355,67805,70347,72888,74312,76923,79629,82331,-83844,-86616,-89486,-92349,93951,96884,99918,102942,104633,107727,110925,114110,115890,119145,122507,125853,-127722,-131138,-134664,-138171,140129,143706,147396,151064,153111,156849,160703,164532,166668,170567,174585,178575
0,-44,-102,242,-333,561,735,-1059,1241,-1653,-1943,2451,2724,-3320,-3726,4418,4782,-5562,-6084,6960,-7415,8379,9017,-10077,10623,-11771,-12525,13769,14406,-15738,-16608,18036,18764,-20280,-21266,22878,-23697,25397,26499,-28295,29205,-31089,-32307,34287,35288,-37356,-38690,40854,41946,-44198,-45648,47996,-49179,51615,53181,-55713,56987,-59607,-61289,64005,65370,-68174,-69972,72872,74328,-77316,-79230,82314,-83861,87033,89063,-92331,93969,-97325,-99471,102923,104652,-108192,-110454,114090,115910,-119634,-122012,125832,-127743,131651,134145,-138149,140151,-144243,-146853,151041,153134,-157410,-160136,164508,166692,-171152,-173994,178550
0,54,88,241,-334,-595,-697,-1057,1243,1711,1881,2448,2727,3402,3640,4414,4786,5668,5974,6955,-7420,-8509,-8883,-10071,10629,11925,12367,13762,14413,15916,16426,18028,18772,20482,21060,22869,-23706,-25623,-26269,-28285,29215,31339,32053,34276,35299,37630,38412,40842,41958,44496,45346,47983,-49192,-51937,-52855,-55699,57001,59953,60939,63990,65385,68544,69598,72856,74344,77710,78832,82297,-83878,-87451,-88641,-92313,93987,97767,99025,102904,104671,108658,109984,114070,115930,120124,121518,125811,-127764,-132165,-133627,-138127,140173,144781,146311,151018,153157,157972,159570,164484,166716,171738,173404,178525
0,-65,-75,240,-335,630,660,-1055,1245,-1770,-1820,2445,2730,-3485,-3555,4410,4790,-5775,-5865,6950,-7425,8640,8750,-10065,10635,-12080,-12210,13755,14420,-16095,-16245,18020,18780,-20685,-20855,22860,-23715,25850,26040,-28275,29225,-31590,-31800,34265,35310,-37905,-38135,40830,41970,-44795,-45045,47970,-49205,52260,52530,-55685,57015,-60300,-60590,63975,65400,-68915,-69225,72840,74360,-78105,-78435,82280,-83895,87870,88220,-92295,94005,-98210,-98580,102885,104690,-109125,-109515,114050,115950,-120615,-121025,125790,-127785,132680,133110,-138105,140195,-145320,-145770,150995,153180,-158535,-159005,164460,166740,-172325,-172815,178500
0,63,77,239,-336,-624,-666,-1053,1247,1760,1830,2442,2733,3471,3569,4406,4794,5757,5883,6945,-7430,-8618,-8772,-10059,10641,12054,12236,13748,14427,16065,16275,18012,18788,20651,20889,22851,-23724,-25812,-26078,-28265,29235,31548,31842,34254,35321,37859,38181,40818,41982,44745,45095,47957,-49218,-52206,-52584,-55671,57029,60242,60648,63960,65415,68853,69287,72824,74376,78039,78501,82263,-83912,-87800,-88290,-92277,94023,98136,98654,102866,104709,109047,109593,114030,115970,120533,121107,125769,-127806,-132594,-133196,-138083,140217,145230,145860,150972,153203,158441,159099,164436,166764,172227,172913,178475
0,-52,-90,238,-337,589,703,-1051,1249,-1701,-1891,2439,2736,-3388,-3654,4402,4798,-5650,-5992,6940,-7435,8487,8905,-10053,10647,-11899,-12393,13741,14434,-15886,-16456,18004,18796,-20448,-21094,22842,-23733,25585,26307,-28255,29245,-31297,-32095,34243,35332,-37584,-38458,40806,41994,-44446,-45396,47944,-49231,51883,52909,-55657,57043,-59895,-60997,63945,65430,-68482,-69660,72808,74392,-77644,-78898,82246,-83929,87381,88711,-92259,94041,-97693,-99099,102847,104728,-108580,-110062,114010,115990,-120042,-121600,125748,-127827,132079,133713,-138061,140239,-144691,-146401,150949,153226,-157878,-159664,164412,166788,-171640,-173502,178450
0,42,104,237,-338,-555,-741,-1049,1251,1643,1953,2436,2739,3306,3740,4398,4802,5544,6102,6935,-7440,-8357,-9039,-10047,10653,11745,12551,13734,14441,15708,16638,17996,18804,20246,21300,22833,-23742,-25359,-26537,-28245,29255,31047,32349,34232,35343,37310,38736,40794,42006,44148,45698,47931,-49244,-51561,-53235,-55643,57057,59549,61347,63930,65445,68112,70034,72792,74408,77250,79296,82229,-83946,-86963,-89133,-92241,94059,97251,99545,102828,104747,108114,110532,113990,116010,119552,122094,125727,-127848,-131565,-134231,-138039,140261,144153,146943,150926,153249,157316,160230,164388,166812,171054,174092,178425
0,-33,-119,236,-339,522,780,-1047,1253,-1586,-2016,2433,2742,-3225,-3827,4394,4806,-5439,-6213,6930,-7445,8228,9174,-10041,10659,-11592,-12710,13727,14448,-15531,-16821,17988,18812,-20045,-21507,22824,-23751,25134,26768,-28235,29265,-30798,-32604,34221,35354,-37037,-39015,40782,42018,-43851,-46001,47918,-49257,51240,53562,-55629,57071,-59204,-61698,63915,65460,-67743,-70409,72776,74424,-76857,-79695,82212,-83963,86546,89556,-92223,94077,-96810,-99992,102809,104766,-107649,-111003,113970,116030,-119063,-122589,125706,-127869,131052,134750,-138017,140283,-143616,-147486,150903,153272,-156755,-160797,164364,166836,-170469,-174683,178400
0,25,135,235,-340,-490,-820,-1045,1255,1530,2080,2430,2745,3145,3915,4390,4810,5335,6325,6925,-7450,-8100,-9310,-10035,10665,11440,12870,13720,14455,15355,17005,17980,18820,19845,21715,22815,-23760,-24910,-27000,-28225,29275,30550,32860,34210,35365,36765,39295,40770,42030,43555,46305,47905,-49270,-50920,-53890,-55615,57085,58860,62050,63900,65475,67375,70785,72760,74440,76465,80095,82195,-83980,-86130,-89980,-92205,94095,96370,100440,102790,104785,107185,111475,113950,116050,118575,123085,125685,-127890,-130540,-135270,-137995,140305,143080,148030,150880,153295,156195,161365,164340,166860,169885,175275,178375
0,-18,-152,234,-341,459,861,-1043,1257,-1475,-2145,2427,2748,-3066,-4004,4386,4814,-5232,-6438,6920,-7455,7973,9447,-10029,10671,-11289,-13031,13713,14462,-15180,-17190,17972,18828,-19646,-21924,22806,-23769,24687,27233,-28215,29285,-30303,-33117,34199,35376,-36494,-39576,40758,42042,-43260,-46610,47892,-49283,50601,54219,-55601,57099,-58517,-62403,63885,65490,-67008,-71162,72744,74456,-76074,-80496,82178,-83997,85715,90405,-92187,94113,-95931,-100889,102771,104804,-106722,-111948,113930,116070,-118088,-123582,125664,-127911,130029,135791,-137973,140327,-142545,-148575,150857,153318,-155636,-161934,164316,166884,-169302,-175868,178350
0,12,170,233,-342,-429,-903,-1041,1259,1421,2211,2424,2751,2988,4094,4382,4818,5130,6552,6915,-7460,-7847,-9585,-10023,10677,11139,13193,13706,14469,15006,17376,17964,18836,19448,22134,22797,-23778,-24465,-27467,-28205,29295,30057,33375,34188,35387,36224,39858,40746,42054,42966,46916,47879,-49296,-50283,-54549,-55587,57113,58175,62757,63870,65505,66642,71540,72728,74472,75684,80898,82161,-84014,-85301,-90831,-92169,94131,95493,101339,102752,104823,106260,112422,113910,116090,117602,124080,125643,-127932,-129519,-136313,-137951,140349,142011,149121,150834,153341,155078,162504,164292,166908,168720,176462,178325
0,-7,-189,232,-343,400,946,-1039,1261,-1368,-2278,2421,2754,-2911,-4185,4378,4822,-5029,-6667,6910,-7465,7722,9724,-10017,10683,-10990,-13356,13699,14476,-14833,-17563,17956,18844,-19251,-22345,22788,-23787,24244,27702,-28195,29305,-29812,-33634,34177,35398,-35955,-40141,40734,42066,-42673,-47223,47866,-49309,49966,54880,-55573,57127,-57834,-63112,63855,65520,-66277,-71919,72712,74488,-75295,-81301,82144,-84031,84888,91258,-92151,94149,-95056,-101790,102733,104842,-105799,-112897,113890,116110,-117117,-124579,125622,-127953,129010,136836,-137929,140371,-141478,-149668,150811,153364,-154521,-163075,164268,166932,-168139,-177057,178300
0,3,209,231,-344,-372,-990,-1037,1263,1316,2346,2418,2757,2835,4277,4374,4826,4929,6783,6905,-7470,-7598,-9864,-10011,10689,10842,13520,13692,14483,14661,17751,17948,18852,19055,22557,22779,-23796,-24024,-27938,-28185,29315,29568,33894,34166,35409,35687,40425,40722,42078,42381,47531,47853,-49322,-49650,-55212,-55559,57141,57494,63468,63840,65535,65913,72299,72696,74504,74907,81705,82127,-84048,-84476,-91686,-92133,94167,94620,102242,102714,104861,105339,113373,113870,116130,116633,125079,125601,-127974,-128502,-137360,-137907,140393,140946,150216,150788,153387,153965,163647,164244,166956,167559,177653,178275
0,3,204,224,-351,-377,-980,-1023,1277,1326,2331,2397,2778,2850,4257,4346,4854,4949,6758,6870,-7505,-7623,-9834,-9969,10731,10872,13485,13643,14532,14696,17711,17892,18908,19095,22512,22716,-23859,-24069,-27888,-28115,29385,29618,33839,34089,35486,35742,40365,40638,42162,42441,47466,47762,-49413,-49715,-55142,-55461,57239,57564,63393,63735,65640,65988,72219,72584,74616,74987,81620,82008,-84167,-84561,-91596,-92007,94293,94710,102147,102581,104994,105434,113273,113730,116270,116733,124974,125454,-128121,-128607,-137250,-137753,140547,141056,150101,150627,153548,154080,163527,164076,167124,167679,177528,178100
0,-7,-184,223,-352,405,936,-1021,1279,-1378,-2263,2394,2781,-2926,-4165,4342,4858,-5049,-6642,6865,-7510,7747,9694,-9963,10737,-11020,-13321,13636,14539,-14868,-17523,17884,18916,-19291,-22300,22707,-23868,24289,27652,-28105,29395,-29862,-33579,34078,35497,-36010,-40081,40626,42174,-42733,-47158,47749,-49426,50031,54810,-55447,57253,-57904,-63037,63720,65655,-66352,-71839,72568,74632,-75375,-81216,81991,-84184,84973,91168,-91989,94311,-95146,-101695,102562,105013,-105894,-112797,113710,116290,-117217,-124474,125433,-128142,129115,136726,-137731,140569,-141588,-149553,150604,153571,-154636,-162955,164052,167148,-168259,-176932,178075
0,12,165,222,-353,-434,-893,-1019,1281,1431,2196,2391,2784,3003,4074,4338,4862,5150,6527,6860,-7515,-7872,-9555,-9957,10743,11169,13158,13629,14546,15041,17336,17876,18924,19488,22089,22698,-23877,-24510,-27417,-28095,29405,30107,33320,34067,35508,36279,39798,40614,42186,43026,46851,47736,-49439,-50348,-54479,-55433,57267,58245,62682,63705,65670,66717,71460,72552,74648,75764,80813,81974,-84201,-85386,-90741,-91971,94329,95583,101244,102543,105032,106355,112322,113690,116310,117702,123975,125412,-128163,-129624,-136203,-137709,140591,142121,149006,150581,153594,155193,162384,164028,167172,168840,176337,178050
0,-18,-147,221,-354,464,851,-1017,1283,-1485,-2130,2388,2787,-3081,-3984,4334,4866,-5252,-6413,6855,-7520,7998,9417,-9951,10749,-11319,-12996,13622,14553,-15215,-17150,17868,18932,-19686,-21879,22689,-23886,24732,27183,-28085,29415,-30353,-33062,34056,35519,-36549,-39516,40602,42198,-43320,-46545,47723,-49452,50666,54149,-55419,57281,-58587,-62328,63690,65685,-67083,-71082,72536,74664,-76154,-80411,81957,-84218,85800,90315,-91953,94347,-96021,-100794,102524,105051,-106817,-111848,113670,116330,-118188,-123477,125391,-128184,130134,135681,-137687,140613,-142655,-148460,150558,153617,-155751,-161814,164004,167196,-169422,-175743,178025
0,25,130,220,-355,-495,-810,-1015,1285,1540,2065,2385,2790,3160,3895,4330,4870,5355,6300,6850,-7525,-8125,-9280,-9945,10755,11470,12835,13615,14560,15390,16965,17860,18940,19885,21670,22680,-23895,-24955,-26950,-28075,29425,30600,32805,34045,35530,36820,39235,40590,42210,43615,46240,47710,-49465,-50985,-53820,-55405,57295,58930,61975,63675,65700,67450,70705,72520,74680,76545,80010,81940,-84235,-86215,-89890,-91935,94365,96460,100345,102505,105070,107280,111375,113650,116350,118675,122980,125370,-128205,-130645,-135160,-137665,140635,143190,147915,150535,153640,156310,161245,163980,167220,170005,175150,178000
0,-33,-114,219,-356,527,770,-1013,1287,-1596,-2001,2382,2793,-3240,-3807,4326,4874,-5459,-6188,6845,-7530,8253,9144,-9939,10761,-11622,-12675,13608,14567,-15566,-16781,17852,18948,-20085,-21462,22671,-23904,25179,26718,-28065,29435,-30848,-32549,34034,35541,-37092,-38955,40578,42222,-43911,-45936,47697,-49478,51305,53492,-55391,57309,-59274,-61623,63660,65715,-67818,-70329,72504,74696,-76937,-79610,81923,-84252,86631,89466,-91917,94383,-96900,-99897,102486,105089,-107744,-110903,113630,116370,-119163,-122484,125349,-128226,131157,134640,-137643,140657,-143726,-147371,150512,153663,-156870,-160677,163956,167244,-170589,-174558,177975
0,42,99,218,-357,-560,-731,-1011,1289,1653,1938,2379,2796,3321,3720,4322,4878,5564,6077,6840,-7535,-8382,-9009,-9933,10767,11775,12516,13601,14574,15743,16598,17844,18956,20286,21255,22662,-23913,-25404,-26487,-28055,29445,31097,32294,34023,35552,37365,38676,40566,42234,44208,45633,47684,-49491,-51626,-53165,-55377,57323,59619,61272,63645,65730,68187,69954,72488,74712,77330,79211,81906,-84269,-87048,-89043,-91899,94401,97341,99450,102467,105108,108209,110432,113610,116390,119652,121989,125328,-128247,-131670,-134121,-137621,140679,144263,146828,150489,153686,157431,160110,163932,167268,171174,173967,177950
0,-52,-85,217,-358,594,693,-1009,1291,-1711,-1876,2376,2799,-3403,-3634,4318,4882,-5670,-5967,6835,-7540,8512,8875,-9927,10773,-11929,-12358,13594,14581,-15921,-16416,17836,18964,-20488,-21049,22653,-23922,25630,26257,-28045,29455,-31347,-32040,34012,35563,-37639,-38398,40554,42246,-44506,-45331,47671,-49504,51948,52839,-55363,57337,-59965,-60922,63630,65745,-68557,-69580,72472,74728,-77724,-78813,81889,-84286,87466,88621,-91881,94419,-97783,-99004,102448,105127,-108675,-109962,113590,116410,-120142,-121495,125307,-128268,132184,133603,-137599,140701,-144801,-146286,150466,153709,-157993,-159544,163908,167292,-171760,-173377,177925
0,63,72,216,-359,-629,-656,-1007,1293,1770,1815,2373,2802,3486,3549,4314,4886,5777,5858,6830,-7545,-8643,-8742,-9921,10779,12084,12201,13587,14588,16100,16235,17828,18972,20691,20844,22644,-23931,-25857,-26028,-28035,29465,31598,31787,34001,35574,37914,38121,40542,42258,44805,45030,47658,-49517,-52271,-52514,-55349,57351,60312,60573,63615,65760,68928,69207,72456,74744,78119,78416,81872,-84303,-87885,-88200,-91863,94437,98226,98559,102429,105146,109142,109493,113570,116430,120633,121002,125286,-128289,-132699,-133086,-137577,140723,145340,145745,150443,153732,158556,158979,163884,167316,172347,172788,177900
0,-60,-75,215,-360,620,665,-1005,1295,-1755,-1830,2370,2805,-3465,-3570,4310,4890,-5750,-5885,6825,-7550,8610,8775,-9915,10785,-12045,-12240,13580,14595,-16055,-16280,17820,18980,-20640,-20895,22635,-23940,25800,26085,-28025,29475,-31535,-31850,33990,35585,-37845,-38190,40530,42270,-44730,-45105,47645,-49530,52190,52595,-55335,57365,-60225,-60660,63600,65775,-68835,-69300,72440,74760,-78020,-78515,81855,-84320,87780,88305,-91845,94455,-98115,-98670,102410,105165,-109025,-109610,113550,116450,-120510,-121125,125265,-128310,132570,133215,-137555,140745,-145205,-145880,150420,153755,-158415,-159120,163860,167340,-172200,-172935,177875
0,49,88,214,-361,-585,-702,-1003,1297,1696,1891,2367,2808,3382,3655,4306,4894,5643,5994,6820,-7555,-8479,-8908,-9909,10791,11890,12397,13573,14602,15876,16461,17812,18988,20437,21100,22626,-23949,-25573,-26314,-28015,29485,31284,32103,33979,35596,37570,38467,40518,42282,44431,45406,47632,-49543,-51867,-52920,-55321,57379,59878,61009,63585,65790,68464,69673,72424,74776,77625,78912,81838,-84337,-87361,-88726,-91827,94473,97672,99115,102391,105184,108558,110079,113530,116470,120019,121618,125244,-128331,-132055,-133732,-137533,140767,144666,146421,150397,153778,157852,159685,163836,167364,171613,173524,177850
0,-39,-102,213,-362,551,740,-1001,1299,-1638,-1953,2364,2811,-3300,-3741,4302,4898,-5537,-6104,6815,-7560,8349,9042,-9903,10797,-11736,-12555,13566,14609,-15698,-16643,17804,18996,-20235,-21306,22617,-23958,25347,26544,-28005,29495,-31034,-32357,33968,35607,-37296,-38745,40506,42294,-44133,-45708,47619,-49556,51545,53246,-55307,57393,-59532,-61359,63570,65805,-68094,-70047,72408,74792,-77231,-79310,81821,-84354,86943,89148,-91809,94491,-97230,-99561,102372,105203,-108092,-110549,113510,116490,-119529,-122112,125223,-128352,131541,134250,-137511,140789,-144128,-146963,150374,153801,-157290,-160251,163812,167388,-171027,-174114,177825
0,30,117,212,-363,-518,-779,-999,1301,1581,2016,2361,2814,3219,3828,4298,4902,5432,6215,6810,-7565,-8220,-9177,-9897,10803,11583,12714,13559,14616,15521,16826,17796,19004,20034,21513,22608,-23967,-25122,-26775,-27995,29505,30785,32612,33957,35618,37023,39024,40494,42306,43836,46011,47606,-49569,-51224,-53573,-55293,57407,59187,61710,63555,65820,67725,70422,72392,74808,76838,79709,81804,-84371,-86526,-89571,-91791,94509,96789,100008,102353,105222,107627,111020,113490,116510,119040,122607,125202,-128373,-131028,-134769,-137489,140811,143591,147506,150351,153824,156729,160818,163788,167412,170442,174705,177800
0,-22,-133,211,-364,486,819,-997,1303,-1525,-2080,2358,2817,-3139,-3916,4294,4906,-5328,-6327,6805,-7570,8092,9313,-9891,10809,-11431,-12874,13552,14623,-15345,-17010,17788,19012,-19834,-21721,22599,-23976,24898,27007,-27985,29515,-30537,-32868,33946,35629,-36751,-39304,40482,42318,-43540,-46315,47593,-49582,50904,53901,-55279,57421,-58843,-62062,63540,65835,-67357,-70798,72376,74824,-76446,-80109,81787,-84388,86110,89995,-91773,94527,-96349,-100456,102334,105241,-107163,-111492,113470,116530,-118552,-123103,125181,-128394,130516,135289,-137467,140833,-143055,-148050,150328,153847,-156169,-161386,163764,167436,-169858,-175297,177775
0,15,150,210,-365,-455,-860,-995,1305,1470,2145,2355,2820,3060,4005,4290,4910,5225,6440,6800,-7575,-7965,-9450,-9885,10815,11280,13035,13545,14630,15170,17195,17780,19020,19635,21930,22590,-23985,-24675,-27240,-27975,29525,30290,33125,33935,35640,36480,39585,40470,42330,43245,46620,47580,-49595,-50585,-54230,-55265,57435,58500,62415,63525,65850,66990,71175,72360,74840,76055,80510,81770,-84405,-85695,-90420,-91755,94545,95910,100905,102315,105260,106700,111965,113450,116550,118065,123600,125160,-128415,-130005,-135810,-137445,140855,142520,148595,150305,153870,155610,161955,163740,167460,169275,175890,177750
0,-9,-168,209,-366,425,902,-993,1307,-1416,-2211,2352,2823,-2982,-4095,4286,4914,-5123,-6554,6795,-7580,7839,9588,-9879,10821,-11130,-13197,13538,14637,-14996,-17381,17772,19028,-19437,-22140,22581,-23994,24453,27474,-27965,29535,-30044,-33383,33924,35651,-36210,-39867,40458,42342,-42951,-46926,47567,-49608,50267,54560,-55251,57449,-58158,-62769,63510,65865,-66624,-71553,72344,74856,-75665,-80912,81753,-84422,85281,90846,-91737,94563,-95472,-101355,102296,105279,-106238,-112439,113430,116570,-117579,-124098,125139,-128436,129495,136332,-137423,140877,-141986,-149141,150282,153893,-155052,-162525,163716,167484,-168693,-176484,177725
0,4,187,208,-367,-396,-945,-991,1309,1363,2278,2349,2826,2905,4186,4282,4918,5022,6669,6790,-7585,-7714,-9727,-9873,10827,10981,13360,13531,14644,14823,17568,17764,19036,19240,22351,22572,-24003,-24232,-27709,-27955,29545,29799,33642,33913,35662,35941,40150,40446,42354,42658,47233,47554,-49621,-49950,-54891,-55237,57463,57817,63124,63495,65880,66259,71932,72328,74872,75276,81315,81736,-84439,-84868,-91273,-91719,94581,95035,101806,102277,105298,105777,112914,113410,116590,117094,124597,125118,-128457,-128986,-136855,-137401,140899,141453,149688,150259,153916,154495,163096,163692,167508,168112,177079,177700
0,4,180,199,-376,-403,-931,-973,1327,1377,2257,2322,2853,2926,4158,4246,4954,5050,6634,6745,-7630,-7749,-9685,-9819,10881,11023,13311,13468,14707,14872,17512,17692,19108,19296,22288,22491,-24084,-24295,-27639,-27865,29635,29869,33565,33814,35761,36018,40066,40338,42462,42742,47142,47437,-49738,-50041,-54793,-55111,57589,57915,63019,63360,66015,66364,71820,72184,75016,75388,81196,81583,-84592,-84987,-91147,-91557,94743,95161,101673,102106,105469,105910,112774,113230,116770,117234,124450,124929,-128646,-129133,-136701,-137203,141097,141607,149527,150052,154123,154656,162928,163476,167724,168280,176904,177475
0,-9,-161,198,-377,432,888,-971,1329,-1430,-2190,2319,2856,-3003,-4067,4242,4958,-5151,-6519,6740,-7635,7874,9546,-9813,10887,-11172,-13148,13461,14714,-15045,-17325,17684,19116,-19493,-22077,22482,-24093,24516,27404,-27855,29645,-30114,-33306,33803,35772,-36287,-39783,40326,42474,-43035,-46835,47424,-49751,50358,54462,-55097,57603,-58256,-62664,63345,66030,-66729,-71441,72168,75032,-75777,-80793,81566,-84609,85400,90720,-91539,94761,-95598,-101222,102087,105488,-106371,-112299,113210,116790,-117719,-123951,124908,-128667,129642,136178,-137181,141119,-142140,-148980,150029,154146,-155213,-162357,163452,167748,-168861,-176309,177450
0,15,143,197,-378,-462,-846,-969,1331,1484,2124,2316,2859,3081,3977,4238,4962,5253,6405,6735,-7640,-8000,-9408,-9807,10893,11322,12986,13454,14721,15219,17139,17676,19124,19691,21867,22473,-24102,-24738,-27170,-27845,29655,30360,33048,33792,35783,36557,39501,40314,42486,43329,46529,47411,-49764,-50676,-54132,-55083,57617,58598,62310,63330,66045,67095,71063,72152,75048,76167,80391,81549,-84626,-85814,-90294,-91521,94779,96036,100772,102068,105507,106833,111825,113190,116810,118205,123453,124887,-128688,-130152,-135656,-137159,141141,142674,148434,150006,154169,155771,161787,163428,167772,169443,175715,177425
0,-22,-126,196,-379,493,805,-967,1333,-1539,-2059,2313,2862,-3160,-3888,4234,4966,-5356,-6292,6730,-7645,8127,9271,-9801,10899,-11473,-12825,13447,14728,-15394,-16954,17668,19132,-19890,-21658,22464,-24111,24961,26937,-27835,29665,-30607,-32791,33781,35794,-36828,-39220,40302,42498,-43624,-46224,47398,-49777,50995,53803,-55069,57631,-58941,-61957,63315,66060,-67462,-70686,72136,75064,-76558,-79990,81532,-84643,86229,89869,-91503,94797,-96475,-100323,102049,105526,-107296,-111352,113170,116830,-118692,-122956,124866,-128709,130663,135135,-137137,141163,-143209,-147889,149983,154192,-156330,-161218,163404,167796,-170026,-175122,177400
0,30,110,195,-380,-525,-765,-965,1335,1595,1995,2310,2865,3240,3800,4230,4970,5460,6180,6725,-7650,-8255,-9135,-9795,10905,11625,12665,13440,14735,15570,16770,17660,19140,20090,21450,22455,-24120,-25185,-26705,-27825,29675,30855,32535,33770,35805,37100,38940,40290,42510,43920,45920,47385,-49790,-51315,-53475,-55055,57645,59285,61605,63300,66075,67830,70310,72120,75080,76950,79590,81515,-84660,-86645,-89445,-91485,94815,96915,99875,102030,105545,107760,110880,113150,116850,119180,122460,124845,-128730,-131175,-134615,-137115,141185,143745,147345,149960,154215,156890,160650,163380,167820,170610,174530,177375
0,-39,-95,194,-381,558,726,-963,1337,-1652,-1932,2307,2868,-3321,-3713,4226,4974,-5565,-6069,6720,-7655,8384,9000,-9789,10911,-11778,-12506,13433,14742,-15747,-16587,17652,19148,-20291,-21243,22446,-24129,25410,26474,-27815,29685,-31104,-32280,33759,35816,-37373,-38661,40278,42522,-44217,-45617,47372,-49803,51636,53148,-55041,57659,-59630,-61254,63285,66090,-68199,-69935,72104,75096,-77343,-79191,81498,-84677,87062,89022,-91467,94833,-97356,-99428,102011,105564,-108225,-110409,113130,116870,-119669,-121965,124824,-128751,131688,134096,-137093,141207,-144282,-146802,149937,154238,-157451,-160083,163356,167844,-171195,-173939,177350
0,49,81,193,-382,-592,-688,-961,1339,1710,1870,2304,2871,3403,3627,4222,4978,5671,5959,6715,-7660,-8514,-8866,-9783,10917,11932,12348,13426,14749,15925,16405,17644,19156,20493,21037,22437,-24138,-25636,-26244,-27805,29695,31354,32026,33748,35827,37647,38383,40266,42534,44515,45315,47359,-49816,-51958,-52822,-55027,57673,59976,60904,63270,66105,68569,69561,72088,75112,77737,78793,81481,-84694,-87480,-88600,-91449,94851,97798,98982,101992,105583,108691,109939,113110,116890,120159,121471,124803,-128772,-132202,-133578,-137071,141229,144820,146260,149914,154261,158013,159517,163332,167868,171781,173349,177325
0,-60,-68,192,-383,627,651,-959,1341,-1769,-1809,2301,2874,-3486,-3542,4218,4982,-5778,-5850,6710,-7665,8645,8733,-9777,10923,-12087,-12191,13419,14756,-16104,-16224,17636,19164,-20696,-20832,22428,-24147,25863,26015,-27795,29705,-31605,-31773,33737,35838,-37922,-38106,40254,42546,-44814,-45014,47346,-49829,52281,52497,-55013,57687,-60323,-60555,63255,66120,-68940,-69188,72072,75128,-78132,-78396,81464,-84711,87899,88179,-91431,94869,-98241,-98537,101973,105602,-109158,-109470,113090,116910,-120650,-120978,124782,-128793,132717,133061,-137049,141251,-145359,-145719,149891,154284,-158576,-158952,163308,167892,-172368,-172760,177300
0,56,72,191,-384,-615,-663,-957,1343,1749,1829,2298,2877,3458,3570,4214,4986,5742,5886,6705,-7670,-8601,-8777,-9771,10929,12035,12243,13412,14763,16044,16284,17628,19172,20628,20900,22419,-24156,-25787,-26091,-27785,29715,31521,31857,33726,35849,37830,38198,40242,42558,44714,45114,47333,-49842,-52173,-52605,-54999,57701,60207,60671,63240,66135,68816,69312,72056,75144,78000,78528,81447,-84728,-87759,-88319,-91413,94887,98093,98685,101954,105621,109002,109626,113070,116930,120486,121142,124761,-128814,-132545,-133233,-137027,141273,145179,145899,149868,154307,158388,159140,163284,167916,172172,172956,177275
0,-45,-85,190,-385,580,700,-955,1345,-1690,-1890,2295,2880,-3375,-3655,4210,4990,-5635,-5995,6700,-7675,8470,8910,-9765,10935,-11880,-12400,13405,14770,-15865,-16465,17620,19180,-20425,-21105,22410,-24165,25560,26320,-27775,29725,-31270,-32110,33715,35860,-37555,-38475,40230,42570,-44415,-45415,47320,-49855,51850,52930,-54985,57715,-59860,-61020,63225,66150,-68445,-69685,72040,75160,-77605,-78925,81430,-84745,87340,88740,-91395,94905,-97650,-99130,101935,105640,-108535,-110095,113050,116950,-119995,-121635,124740,-128835,132030,133750,-137005,141295,-144640,-146440,149845,154330,-157825,-159705,163260,167940,-171585,-173545,177250
0,35,99,189,-386,-546,-738,-953,1347,1632,1952,2292,2883,3293,3741,4206,4994,5529,6105,6695,-7680,-8340,-9044,-9759,10941,11726,12558,13398,14777,15687,16647,17612,19188,20223,21311,22401,-24174,-25334,-26550,-27765,29735,31020,32364,33704,35871,37281,38753,40218,42582,44117,45717,47307,-49868,-51528,-53256,-54971,57729,59514,61370,63210,66165,68075,70059,72024,75176,77211,79323,81413,-84762,-86922,-89162,-91377,94923,97208,99576,101916,105659,108069,110565,113030,116970,119505,122129,124719,-128856,-131516,-134268,-136983,141317,144102,146982,149822,154353,157263,160271,163236,167964,170999,174135,177225
0,-26,-114,188,-387,513,777,-951,1349,-1575,-2015,2289,2886,-3212,-3828,4202,4998,-5424,-6216,6690,-7685,8211,9179,-9753,10947,-11573,-12717,13391,14784,-15510,-16830,17604,19196,-20022,-21518,22392,-24183,25109,26781,-27755,29745,-30771,-32619,33693,35882,-37008,-39032,40206,42594,-43820,-46020,47294,-49881,51207,53583,-54957,57743,-59169,-61721,63195,66180,-67706,-70434,72008,75192,-76818,-79722,81396,-84779,86505,89585,-91359,94941,-96767,-100023,101897,105678,-107604,-111036,113010,116990,-119016,-122624,124698,-128877,131003,134787,-136961,141339,-143565,-147525,149799,154376,-156702,-160838,163212,167988,-170414,-174726,177200
0,18,130,187,-388,-481,-817,-949,1351,1519,2079,2286,2889,3132,3916,4198,5002,5320,6328,6685,-7690,-8083,-9315,-9747,10953,11421,12877,13384,14791,15334,17014,17596,19204,19822,21726,22383,-24192,-24885,-27013,-27745,29755,30523,32875,33682,35893,36736,39312,40194,42606,43524,46324,47281,-49894,-50887,-53911,-54943,57757,58825,62073,63180,66195,67338,70810,71992,75208,76426,80122,81379,-84796,-86089,-90009,-91341,94959,96327,100471,101878,105697,107140,111508,112990,117010,118528,123120,124677,-128898,-130491,-135307,-136939,141361,143029,148069,149776,154399,156142,161406,163188,168012,169830,175318,177175
0,-11,-147,186,-389,450,858,-947,1353,-1464,-2144,2283,2892,-3053,-4005,4194,5006,-5217,-6441,6680,-7695,7956,9452,-9741,10959,-11270,-13038,13377,14798,-15159,-17199,17588,19212,-19623,-21935,22374,-24201,24662,27246,-27735,29765,-30276,-33132,33671,35904,-36465,-39593,40182,42618,-43229,-46629,47268,-49907,50568,54240,-54929,57771,-58482,-62426,63165,66210,-66971,-71187,71976,75224,-76035,-80523,81362,-84813,85674,90434,-91323,94977,-95888,-100920,101859,105716,-106677,-111981,112970,117030,-118041,-123617,124656,-128919,129980,135828,-136917,141383,-142494,-148614,149753,154422,-155583,-161975,163164,168036,-169247,-175911,177150
0,5,165,185,-390,-420,-900,-945,1355,1410,2210,2280,2895,2975,4095,4190,5010,5115,6555,6675,-7700,-7830,-9590,-9735,10965,11120,13200,13370,14805,14985,17385,17580,19220,19425,22145,22365,-24210,-24440,-27480,-27725,29775,30030,33390,33660,35915,36195,39875,40170,42630,42935,46935,47255,-49920,-50250,-54570,-54915,57785,58140,62780,63150,66225,66605,71565,71960,75240,75645,80925,81345,-84830,-85260,-90860,-91305,94995,95450,101370,101840,105735,106215,112455,112950,117050,117555,124115,124635,-128940,-129470,-136350,-136895,141405,141960,149160,149730,154445,155025,162545,163140,168060,168665,176505,177125
0,5,156,174,-401,-429,-882,-923,1377,1428,2183,2247,2928,3002,4059,4146,5054,5151,6510,6620,-7755,-7875,-9536,-9669,11031,11174,13137,13293,14882,15048,17313,17492,19308,19497,22064,22266,-24309,-24521,-27390,-27615,29885,30120,33291,33539,36036,36294,39767,40038,42762,43043,46818,47112,-50063,-50367,-54444,-54761,57939,58266,62645,62985,66390,66740,71421,71784,75416,75789,80772,81158,-85017,-85413,-90698,-91107,95193,95612,101199,101631,105944,106386,112275,112730,117270,117735,123926,124404,-129171,-129659,-136152,-136653,141647,142158,148953,149477,154698,155232,162329,162876,168324,168881,176280,176850
0,-11,-138,173,-402,459,840,-921,1379,-1482,-2117,2244,2931,-3080,-3969,4142,5058,-5253,-6396,6615,-7760,8001,9398,-9663,11037,-11324,-12975,13286,14889,-15222,-17127,17484,19316,-19695,-21854,22257,-24318,24743,27156,-27605,29895,-30366,-33033,33528,36047,-36564,-39485,40026,42774,-43337,-46512,47099,-50076,50685,54114,-54747,57953,-58608,-62291,62970,66405,-67106,-71043,71768,75432,-76179,-80370,81141,-85034,85827,90272,-91089,95211,-96050,-100749,101612,105963,-106848,-111801,112710,117290,-118221,-123428,124383,-129192,130169,135630,-136631,141669,-142692,-148407,149454,154721,-155790,-161759,162852,168348,-169463,-175686,176825
0,18,121,172,-403,-490,-799,-919,1381,1537,2052,2241,2934,3159,3880,4138,5062,5356,6283,6610,-7765,-8128,-9261,-9657,11043,11475,12814,13279,14896,15397,16942,17476,19324,19894,21645,22248,-24327,-24966,-26923,-27595,29905,30613,32776,33517,36058,36835,39204,40014,42786,43632,46207,47086,-50089,-51004,-53785,-54733,57967,58951,61938,62955,66420,67473,70666,71752,75448,76570,79969,81124,-85051,-86242,-89847,-91071,95229,96489,100300,101593,105982,107311,111328,112690,117310,118708,122931,124362,-129213,-130680,-135109,-136609,141691,143227,147862,149431,154744,156349,161190,162828,168372,170046,175093,176800
0,-26,-105,171,-404,522,759,-917,1383,-1593,-1988,2238,2937,-3239,-3792,4134,5066,-5460,-6171,6605,-7770,8256,9125,-9651,11049,-11627,-12654,13272,14903,-15573,-16758,17468,19332,-20094,-21437,22239,-24336,25190,26691,-27585,29915,-30861,-32520,33506,36069,-37107,-38924,40002,42798,-43928,-45903,47073,-50102,51324,53457,-54719,57981,-59295,-61586,62940,66435,-67841,-70290,71736,75464,-76962,-79569,81107,-85068,86658,89423,-91053,95247,-96929,-99852,101574,106001,-107775,-110856,112670,117330,-119196,-122435,124341,-129234,131192,134589,-136587,141713,-143763,-147318,149408,154767,-156909,-160622,162804,168396,-170630,-174501,176775
0,35,90,170,-405,-555,-720,-915,1385,1650,1925,2235,2940,3320,3705,4130,5070,5565,6060,6600,-7775,-8385,-8990,-9645,11055,11780,12495,13265,14910,15750,16575,17460,19340,20295,21230,22230,-24345,-25415,-26460,-27575,29925,31110,32265,33495,36080,37380,38645,39990,42810,44225,45600,47060,-50115,-51645,-53130,-54705,57995,59640,61235,62925,66450,68210,69915,71720,75480,77355,79170,81090,-85085,-87075,-89000,-91035,95265,97370,99405,101555,106020,108240,110385,112650,117350,119685,121940,124320,-129255,-131705,-134070,-136565,141735,144300,146775,149385,154790,157470,160055,162780,168420,171215,173910,176750
0,-45,-76,169,-406,589,682,-913,1387,-1708,-1863,2232,2943,-3402,-3619,4126,5074,-5671,-5950,6595,-7780,8515,8856,-9639,11061,-11934,-12337,13258,14917,-15928,-16393,17452,19348,-20497,-21024,22221,-24354,25641,26230,-27565,29935,-31360,-32011,33484,36091,-37654,-38367,39978,42822,-44523,-45298,47047,-50128,51967,52804,-54691,58009,-59986,-60885,62910,66465,-68580,-69541,71704,75496,-77749,-78772,81073,-85102,87493,88578,-91017,95283,-97812,-98959,101536,106039,-108706,-109915,112630,117370,-120175,-121446,124299,-129276,132219,133552,-136543,141757,-144838,-146233,149362,154813,-158032,-159489,162756,168444,-171801,-173320,176725
0,56,63,168,-407,-624,-645,-911,1389,1767,1802,2229,2946,3485,3534,4122,5078,5778,5841,6590,-7785,-8646,-8723,-9633,11067,12089,12180,13251,14924,16107,16212,17444,19356,20700,20819,22212,-24363,-25868,-26001,-27555,29945,31611,31758,33473,36102,37929,38090,39966,42834,44822,44997,47034,-50141,-52290,-52479,-54677,58023,60333,60536,62895,66480,68951,69168,71688,75512,78144,78375,81056,-85119,-87912,-88157,-90999,95301,98255,98514,101517,106058,109173,109446,112610,117390,120666,120953,124278,-129297,-132734,-133035,-136521,141779,145377,145692,149339,154836,158595,158924,162732,168468,172388,172731,176700
0,-51,-68,167,-408,609,660,-909,1391,-1742,-1827,2226,2949,-3450,-3569,4118,5082,-5733,-5886,6585,-7790,8591,8778,-9627,11073,-12024,-12245,13244,14931,-16032,-16287,17436,19364,-20615,-20904,22203,-24372,25773,26096,-27545,29955,-31506,-31863,33462,36113,-37814,-38205,39954,42846,-44697,-45122,47021,-50154,52155,52614,-54663,58037,-60188,-60681,62880,66495,-68796,-69323,71672,75528,-77979,-78540,81039,-85136,87737,88332,-90981,95319,-98070,-98699,101498,106077,-108978,-109641,112590,117410,-120461,-121158,124257,-129318,132519,133250,-136499,141801,-145152,-145917,149316,154859,-158360,-159159,162708,168492,-172143,-172976,176675
0,40,81,166,-409,-574,-697,-907,1393,1683,1888,2223,2952,3367,3654,4114,5086,5626,5995,6580,-7795,-8460,-8911,-9621,11079,11869,12402,13237,14938,15853,16468,17428,19372,20412,21109,22194,-24381,-25546,-26325,-27535,29965,31255,32116,33451,36124,37539,38482,39942,42858,44398,45423,47008,-50167,-51832,-52939,-54649,58051,59841,61030,62865,66510,68425,69696,71656,75544,77584,78937,81022,-85153,-87318,-88753,-90963,95337,97627,99144,101479,106096,108511,110110,112570,117430,119970,121651,124236,-129339,-132004,-133767,-136477,141823,144613,146458,149293,154882,157797,159724,162684,168516,171556,173565,176650
0,-30,-95,165,-410,540,735,-905,1395,-1625,-1950,2220,2955,-3285,-3740,4110,5090,-5520,-6105,6575,-7800,8330,9045,-9615,11085,-11715,-12560,13230,14945,-15675,-16650,17420,19380,-20210,-21315,22185,-24390,25320,26555,-27525,29975,-31005,-32370,33440,36135,-37265,-38760,39930,42870,-44100,-45725,46995,-50180,51510,53265,-54635,58065,-59495,-61380,62850,66525,-68055,-70070,71640,75560,-77190,-79335,81005,-85170,86900,89175,-90945,95355,-97185,-99590,101460,106115,-108045,-110580,112550,117450,-119480,-122145,124215,-129360,131490,134285,-136455,141845,-144075,-147000,149270,154905,-157235,-160290,162660,168540,-170970,-174155,176625
0,21,110,164,-411,-507,-774,-903,1397,1568,2013,2217,2958,3204,3827,4106,5094,5415,6216,6570,-7805,-8201,-9180,-9609,11091,11562,12719,13223,14952,15498,16833,17412,19388,20009,21522,22176,-24399,-25095,-26786,-27515,29985,30756,32625,33429,36146,36992,39039,39918,42882,43803,46028,46982,-50193,-51189,-53592,-54621,58079,59150,61731,62835,66540,67686,70445,71624,75576,76797,79734,80988,-85187,-86483,-89598,-90927,95373,96744,100037,101441,106134,107580,111051,112530,117470,118991,122640,124194,-129381,-130977,-134804,-136433,141867,143538,147543,149247,154928,156674,160857,162636,168564,170385,174746,176600
0,-13,-126,163,-412,475,814,-901,1399,-1512,-2077,2214,2961,-3124,-3915,4102,5098,-5311,-6328,6565,-7810,8073,9316,-9603,11097,-11410,-12879,13216,14959,-15322,-17017,17404,19396,-19809,-21730,22167,-24408,24871,27018,-27505,29995,-30508,-32881,33418,36157,-36720,-39319,39906,42894,-43507,-46332,46969,-50206,50869,53920,-54607,58093,-58806,-62083,62820,66555,-67318,-70821,71608,75592,-76405,-80134,80971,-85204,86067,90022,-90909,95391,-96304,-100485,101422,106153,-107116,-111523,112510,117490,-118503,-123136,124173,-129402,130465,135324,-136411,141889,-143002,-148087,149224,154951,-156114,-161425,162612,168588,-169801,-175338,176575
0,6,143,162,-413,-444,-855,-899,1401,1457,2142,2211,2964,3045,4004,4098,5102,5208,6441,6560,-7815,-7946,-9453,-9597,11103,11259,13040,13209,14966,15147,17202,17396,19404,19610,21939,22158,-24417,-24648,-27251,-27495,30005,30261,33138,33407,36168,36449,39600,39894,42906,43212,46637,46956,-50219,-50550,-54249,-54593,58107,58463,62436,62805,66570,66951,71198,71592,75608,76014,80535,80954,-85221,-85652,-90447,-90891,95409,95865,100934,101403,106172,106653,111996,112490,117510,118016,123633,124152,-129423,-129954,-135845,-136389,141911,142467,148632,149201,154974,155555,161994,162588,168612,169218,175931,176550
0,6,132,149,-426,-455,-833,-873,1427,1479,2109,2172,3003,3078,3960,4046,5154,5252,6386,6495,-7880,-8001,-9387,-9519,11181,11325,12963,13118,15057,15224,17114,17292,19508,19698,21840,22041,-24534,-24747,-27141,-27365,30135,30371,33017,33264,36311,36570,39468,39738,43062,43344,46494,46787,-50388,-50693,-54095,-54411,58289,58617,62271,62610,66765,67116,71022,71384,75816,76190,80348,80733,-85442,-85839,-90249,-90657,95643,96063,100725,101156,106419,106862,111776,112230,117770,118236,123402,123879,-129696,-130185,-135603,-136103,142197,142709,148379,148902,155273,155808,161730,162276,168924,169482,175656,176225
0,-13,-115,148,-427,486,792,-871,1429,-1534,-2044,2169,3006,-3157,-3871,4042,5158,-5355,-6273,6490,-7885,8128,9250,-9513,11187,-11476,-12802,13111,15064,-15399,-16929,17284,19516,-19897,-21631,22032,-24543,24970,26908,-27355,30145,-30618,-32760,33253,36322,-36841,-39187,39726,43074,-43639,-46189,46774,-50401,51012,53766,-54397,58303,-58960,-61918,62595,66780,-67483,-70645,71368,75832,-76581,-79947,80716,-85459,86254,89824,-90639,95661,-96502,-100276,101137,106438,-107325,-111303,112210,117790,-118723,-122905,123858,-129717,130696,135082,-136081,142219,-143244,-147834,148879,155296,-156367,-161161,162252,168948,-170065,-175063,176200
0,21,99,147,-428,-518,-752,-869,1431,1590,1980,2166,3009,3237,3783,4038,5162,5459,6161,6485,-7890,-8256,-9114,-9507,11193,11628,12642,13104,15071,15575,16745,17276,19524,20097,21423,22023,-24552,-25194,-26676,-27345,30155,30866,32504,33242,36333,37113,38907,39714,43086,43935,45885,46761,-50414,-51332,-53438,-54383,58317,59304,61566,62580,66795,67851,70269,71352,75848,76973,79547,80699,-85476,-86670,-89400,-90621,95679,96942,99828,101118,106457,107789,110831,112190,117810,119211,122409,123837,-129738,-131208,-134562,-136059,142241,143780,147290,148856,155319,156927,160593,162228,168972,170649,174471,176175
0,-30,-84,146,-429,551,713,-867,1433,-1647,-1917,2163,3012,-3318,-3696,4034,5166,-5564,-6050,6480,-7895,8385,8979,-9501,11199,-11781,-12483,13097,15078,-15752,-16562,17268,19532,-20298,-21216,22014,-24561,25419,26445,-27335,30165,-31115,-32249,33231,36344,-37386,-38628,39702,43098,-44232,-45582,46748,-50427,51653,53111,-54369,58331,-59649,-61215,62565,66810,-68220,-69894,71336,75864,-77366,-79148,80682,-85493,87087,88977,-90603,95697,-97383,-99381,101099,106476,-108254,-110360,112170,117830,-119700,-121914,123816,-129759,131721,134043,-136037,142263,-144317,-146747,148833,155342,-157488,-160026,162204,168996,-171234,-173880,176150
0,40,70,145,-430,-585,-675,-865,1435,1705,1855,2160,3015,3400,3610,4030,5170,5670,5940,6475,-7900,-8515,-8845,-9495,11205,11935,12325,13090,15085,15930,16380,17260,19540,20500,21010,22005,-24570,-25645,-26215,-27325,30175,31365,31995,33220,36355,37660,38350,39690,43110,44530,45280,46735,-50440,-51975,-52785,-54355,58345,59995,60865,62550,66825,68590,69520,71320,75880,77760,78750,80665,-85510,-87505,-88555,-90585,95715,97825,98935,101080,106495,108720,109890,112150,117850,120190,121420,123795,-129780,-132235,-133525,-136015,142285,144855,146205,148810,155365,158050,159460,162180,169020,171820,173290,176125
0,-51,-57,144,-431,620,638,-863,1437,-1764,-1794,2157,3018,-3483,-3525,4026,5174,-5777,-5831,6470,-7905,8646,8712,-9489,11211,-12090,-12168,13083,15092,-16109,-16199,17252,19548,-20703,-20805,21996,-24579,25872,25986,-27315,30185,-31616,-31742,33209,36366,-37935,-38073,39678,43122,-44829,-44979,46722,-50453,52298,52460,-54341,58359,-60342,-60516,62535,66840,-68961,-69147,71304,75896,-78155,-78353,80648,-85527,87924,88134,-90567,95733,-98268,-98490,101061,106514,-109187,-109421,112130,117870,-120681,-120927,123774,-129801,132750,133008,-135993,142307,-145394,-145664,148787,155388,-158613,-158895,162156,169044,-172407,-172701,176100
0,45,63,143,-432,-602,-656,-861,1439,1734,1824,2154,3021,3441,3567,4022,5178,5723,5885,6465,-7910,-8580,-8778,-9483,11217,12012,12246,13076,15099,16019,16289,17244,19556,20601,20907,21987,-24588,-25758,-26100,-27305,30195,31490,31868,33198,36377,37797,38211,39666,43134,44679,45129,46709,-50466,-52136,-52622,-54327,58373,60168,60690,62520,66855,68775,69333,71288,75912,77957,78551,80631,-85544,-87714,-88344,-90549,95751,98046,98712,101042,106533,108953,109655,112110,117890,120435,121173,123753,-129822,-132492,-133266,-135971,142329,145124,145934,148764,155411,158331,159177,162132,169068,172113,172995,176075
0,-34,-76,142,-433,567,693,-859,1441,-1675,-1885,2151,3024,-3358,-3652,4018,5182,-5616,-5994,6460,-7915,8449,8911,-9477,11223,-11857,-12403,13069,15106,-15840,-16470,17236,19564,-20398,-21112,21978,-24597,25531,26329,-27295,30205,-31239,-32121,33187,36388,-37522,-38488,39654,43146,-44380,-45430,46696,-50479,51813,52947,-54313,58387,-59821,-61039,62505,66870,-68404,-69706,71272,75928,-77562,-78948,80614,-85561,87295,88765,-90531,95769,-97603,-99157,101023,106552,-108486,-110124,112090,117910,-119944,-121666,123732,-129843,131977,133783,-135949,142351,-144585,-146475,148741,155434,-157768,-159742,162108,169092,-171526,-173584,176050
0,24,90,141,-434,-533,-731,-857,1443,1617,1947,2148,3027,3276,3738,4014,5186,5510,6104,6455,-7920,-8319,-9045,-9471,11229,11703,12561,13062,15113,15662,16652,17228,19572,20196,21318,21969,-24606,-25305,-26559,-27285,30215,30989,32375,33176,36399,37248,38766,39642,43158,44082,45732,46683,-50492,-51491,-53273,-54299,58401,59475,61389,62490,66885,68034,70080,71256,75944,77168,79346,80597,-85578,-86877,-89187,-90513,95787,97161,99603,101004,106571,108020,110594,112070,117930,119454,122160,123711,-129864,-131463,-134301,-135927,142373,144047,147017,148718,155457,157206,160308,162084,169116,170940,174174,176025
0,-15,-105,140,-435,500,770,-855,1445,-1560,-2010,2145,3030,-3195,-3825,4010,5190,-5405,-6215,6450,-7925,8190,9180,-9465,11235,-11550,-12720,13055,15120,-15485,-16835,17220,19580,-19995,-21525,21960,-24615,25080,26790,-27275,30225,-30740,-32630,33165,36410,-36975,-39045,39630,43170,-43785,-46035,46670,-50505,51170,53600,-54285,58415,-59130,-61740,62475,66900,-67665,-70455,71240,75960,-76775,-79745,80580,-85595,86460,89610,-90495,95805,-96720,-100050,100985,106590,-107555,-111065,112050,117950,-118965,-122655,123690,-129885,130950,134820,-135905,142395,-143510,-147560,148695,155480,-156645,-160875,162060,169140,-170355,-174765,176000
0,7,121,139,-436,-468,-810,-853,1447,1504,2074,2142,3033,3115,3913,4006,5194,5301,6327,6445,-7930,-8062,-9316,-9459,11241,11398,12880,13048,15127,15309,17019,17212,19588,19795,21733,21951,-24624,-24856,-27022,-27265,30235,30492,32886,33154,36421,36703,39325,39618,43182,43489,46339,46657,-50518,-50850,-53928,-54271,58429,58786,62092,62460,66915,67297,70831,71224,75976,76383,80145,80563,-85612,-86044,-90034,-90477,95823,96280,100498,100966,106609,107091,111537,112030,117970,118477,123151,123669,-129906,-130438,-135340,-135883,142417,142974,148104,148672,155503,156085,161443,162036,169164,169771,175357,175975
0,7,108,124,-451,-481,-784,-823,1477,1530,2035,2097,3078,3154,3861,3946,5254,5353,6262,6370,-8005,-8127,-9238,-9369,11331,11476,12789,12943,15232,15400,16915,17092,19708,19899,21616,21816,-24759,-24973,-26892,-27115,30385,30622,32743,32989,36586,36846,39169,39438,43362,43645,46170,46462,-50713,-51019,-53746,-54061,58639,58968,61897,62235,67140,67492,70623,70984,76216,76591,79924,80308,-85867,-86265,-89800,-90207,96093,96514,100251,100681,106894,107338,111277,111730,118270,118737,122878,123354,-130221,-130711,-135054,-135553,142747,143260,147805,148327,155848,156384,161131,161676,169524,170083,175032,175600
0,-15,-92,123,-452,513,744,-821,1479,-1586,-1971,2094,3081,-3234,-3773,3942,5258,-5457,-6150,6365,-8010,8255,9102,-9363,11337,-11628,-12629,12936,15239,-15576,-16731,17084,19716,-20099,-21408,21807,-24768,25197,26660,-27105,30395,-30870,-32487,32978,36597,-37118,-38889,39426,43374,-43941,-45866,46449,-50726,51339,53418,-54047,58653,-59312,-61545,62220,67155,-67860,-70247,70968,76232,-76983,-79524,80291,-85884,86681,89376,-90189,96111,-96954,-99803,100662,106913,-107802,-110805,111710,118290,-119225,-122382,123333,-130242,131223,134534,-135531,142769,-143796,-147261,148304,155871,-156944,-160563,161652,169548,-170667,-174440,175575
0,24,77,122,-453,-546,-705,-819,1481,1643,1908,2091,3084,3315,3686,3938,5262,5562,6039,6360,-8015,-8384,-8967,-9357,11343,11781,12470,12929,15246,15753,16548,17076,19724,20300,21201,21798,-24777,-25422,-26429,-27095,30405,31119,32232,32967,36608,37391,38610,39414,43386,44238,45563,46436,-50739,-51660,-53091,-54033,58667,59657,61194,62205,67170,68229,69872,70952,76248,77376,79125,80274,-85901,-87098,-88953,-90171,96129,97395,99356,100643,106932,108267,110334,111690,118310,119714,121887,123312,-130263,-131736,-134015,-135509,142791,144333,146718,148281,155894,157505,159996,161628,169572,171252,173849,175550
0,-34,-63,121,-454,580,667,-817,1483,-1701,-1846,2088,3087,-3397,-3600,3934,5266,-5668,-5929,6355,-8020,8514,8833,-9351,11349,-11935,-12312,12922,15253,-15931,-16366,17068,19732,-20502,-20995,21789,-24786,25648,26199,-27085,30415,-31369,-31978,32956,36619,-37665,-38332,39402,43398,-44536,-45261,46423,-50752,51982,52765,-54019,58681,-60003,-60844,62190,67185,-68599,-69498,70936,76264,-77770,-78727,80257,-85918,87516,88531,-90153,96147,-97837,-98910,100624,106951,-108733,-109864,111670,118330,-120204,-121393,123291,-130284,132250,133497,-135487,142813,-144871,-146176,148258,155917,-158067,-159430,161604,169596,-171838,-173259,175525
0,45,50,120,-455,-615,-630,-815,1485,1760,1785,2085,3090,3480,3515,3930,5270,5775,5820,6350,-8025,-8645,-8700,-9345,11355,12090,12155,12915,15260,16110,16185,17060,19740,20705,20790,21780,-24795,-25875,-25970,-27075,30425,31620,31725,32945,36630,37940,38055,39390,43410,44835,44960,46410,-50765,-52305,-52440,-54005,58695,60350,60495,62175,67200,68970,69125,70920,76280,78165,78330,80240,-85935,-87935,-88110,-90135,96165,98280,98465,100605,106970,109200,109395,111650,118350,120695,120900,123270,-130305,-132765,-132980,-135465,142835,145410,145635,148235,155940,158630,158865,161580,169620,172425,172670,175500
0,-38,-57,119,-456,594,651,-813,1487,-1725,-1820,2082,3093,-3431,-3564,3926,5274,-5712,-5883,6345,-8030,8568,8777,-9339,11361,-11999,-12246,12908,15267,-16005,-16290,17052,19748,-20586,-20909,21771,-24804,25742,26103,-27065,30435,-31473,-31872,32934,36641,-37779,-38216,39378,43422,-44660,-45135,46397,-50778,52116,52629,-53991,58709,-60147,-60698,62160,67215,-68753,-69342,70904,76296,-77934,-78561,80223,-85952,87690,88355,-90117,96183,-98021,-98724,100586,106989,-108927,-109668,111630,118370,-120408,-121187,123249,-130326,132464,133281,-135443,142857,-145095,-145950,148212,155963,-158301,-159194,161556,169644,-172082,-173013,175475
0,27,70,118,-457,-559,-688,-811,1489,1666,1881,2079,3096,3348,3649,3922,5278,5605,5992,6340,-8035,-8437,-8910,-9333,11367,11844,12403,12901,15274,15826,16471,17044,19756,20383,21114,21762,-24813,-25515,-26332,-27055,30445,31222,32125,32923,36652,37504,38493,39366,43434,44361,45436,46384,-50791,-51793,-52954,-53977,58723,59800,61047,62145,67230,68382,69715,70888,76312,77539,78958,80206,-85969,-87271,-88776,-90099,96201,97578,99169,100567,107008,108460,110137,111610,118390,119917,121680,123228,-130347,-131949,-133798,-135421,142879,144556,146491,148189,155986,157738,159759,161532,169668,171495,173602,175450
0,-17,-84,117,-458,525,726,-809,1491,-1608,-1943,2076,3099,-3266,-3735,3918,5282,-5499,-6102,6335,-8040,8307,9044,-9327,11373,-11690,-12561,12894,15281,-15648,-16653,17036,19764,-20181,-21320,21753,-24822,25289,26562,-27045,30455,-30972,-32379,32912,36663,-37230,-38771,39354,43446,-44063,-45738,46371,-50804,51471,53280,-53963,58737,-59454,-61397,62130,67245,-68012,-70089,70872,76328,-77145,-79356,80189,-85986,86853,89198,-90081,96219,-97136,-99615,100548,107027,-107994,-110607,111590,118410,-119427,-122174,123207,-130368,131435,134316,-135399,142901,-144018,-147033,148166,156009,-157176,-160325,161508,169692,-170909,-174192,175425
0,8,99,116,-459,-492,-765,-807,1493,1551,2006,2073,3102,3185,3822,3914,5286,5394,6213,6330,-8045,-8178,-9179,-9321,11379,11537,12720,12887,15288,15471,16836,17028,19772,19980,21527,21744,-24831,-25064,-26793,-27035,30465,30723,32634,32901,36674,36957,39050,39342,43458,43766,46041,46358,-50817,-51150,-53607,-53949,58751,59109,61748,62115,67260,67643,70464,70856,76344,76752,79755,80172,-86003,-86436,-89621,-90063,96237,96695,100062,100529,107046,107529,111078,111570,118430,118938,122669,123186,-130389,-130922,-134835,-135377,142923,143481,147576,148143,156032,156615,160892,161484,169716,170324,174783,175400
0,8,84,99,-476,-507,-735,-773,1527,1581,1961,2022,3153,3230,3762,3846,5354,5454,6138,6245,-8130,-8253,-9089,-9219,11481,11627,12615,12768,15407,15576,16716,16892,19908,20100,21392,21591,-24984,-25199,-26643,-26865,30635,30873,32469,32714,36861,37122,38870,39138,43662,43946,45846,46137,-51038,-51345,-53397,-53711,58989,59319,61523,61860,67515,67868,70224,70584,76616,76992,79500,79883,-86292,-86691,-89351,-89757,96543,96965,99777,100206,107369,107814,110778,111230,118770,119238,122354,122829,-130746,-131237,-134505,-135003,143297,143811,147231,147752,156423,156960,160532,161076,170124,170684,174408,174975
0,-17,-69,98,-477,540,696,-771,1529,-1638,-1898,2019,3156,-3311,-3675,3842,5358,-5559,-6027,6240,-8135,8382,8954,-9213,11487,-11780,-12456,12761,15414,-15753,-16533,16884,19916,-20301,-21185,21582,-24993,25424,26412,-26855,30645,-31122,-32214,32703,36872,-37395,-38591,39126,43674,-44243,-45543,46124,-51051,51666,53070,-53697,59003,-59664,-61172,61845,67530,-68237,-69849,70568,76632,-77385,-79101,79866,-86309,87108,88928,-89739,96561,-97406,-99330,100187,107388,-108279,-110307,111210,118790,-119727,-121859,122808,-130767,131750,133986,-134981,143319,-144348,-146688,147729,156446,-157521,-159965,161052,170148,-171269,-173817,174950
0,27,55,97,-478,-574,-658,-769,1531,1696,1836,2016,3159,3393,3589,3838,5362,5665,5917,6235,-8140,-8512,-8820,-9207,11493,11934,12298,12754,15421,15931,16351,16876,19924,20503,20979,21573,-25002,-25650,-26182,-26845,30655,31372,31960,32692,36883,37669,38313,39114,43686,44541,45241,46111,-51064,-51988,-52744,-53683,59017,60010,60822,61830,67545,68607,69475,70552,76648,77779,78703,79849,-86326,-87526,-88506,-89721,96579,97848,98884,100168,107407,108745,109837,111190,118810,120217,121365,122787,-130788,-132264,-133468,-134959,143341,144886,146146,147706,156469,158083,159399,161028,170172,171855,173227,174925
0,-38,-42,96,-479,609,621,-767,1533,-1755,-1775,2013,3162,-3476,-3504,3834,5366,-5772,-5808,6230,-8145,8643,8687,-9201,11499,-12089,-12141,12747,15428,-16110,-16170,16868,19932,-20706,-20774,21564,-25011,25877,25953,-26835,30665,-31623,-31707,32681,36894,-37944,-38036,39102,43698,-44840,-44940,46098,-51077,52311,52419,-53669,59031,-60357,-60473,61815,67560,-68978,-69102,70536,76664,-78174,-78306,79832,-86343,87945,88085,-89703,96597,-98291,-98439,100149,107426,-109212,-109368,111170,118830,-120708,-120872,122766,-130809,132779,132951,-134937,143363,-145425,-145605,147683,156492,-158646,-158834,161004,170196,-172442,-172638,174900
0,30,50,95,-480,-585,-645,-765,1535,1715,1815,2010,3165,3420,3560,3830,5370,5700,5880,6225,-8150,-8555,-8775,-9195,11505,11985,12245,12740,15435,15990,16290,16860,19940,20570,20910,21555,-25020,-25725,-26105,-26825,30675,31455,31875,32670,36905,37760,38220,39090,43710,44640,45140,46085,-51090,-52095,-52635,-53655,59045,60125,60705,61800,67575,68730,69350,70520,76680,77910,78570,79815,-86360,-87665,-88365,-89685,96615,97995,98735,100130,107445,108900,109680,111150,118850,120380,121200,122745,-130830,-132435,-133295,-134915,143385,145065,145965,147660,156515,158270,159210,160980,170220,172050,173030,174875
0,-19,-63,94,-481,550,682,-763,1537,-1656,-1876,2007,3168,-3337,-3645,3826,5374,-5593,-5989,6220,-8155,8424,8908,-9189,11511,-11830,-12402,12733,15442,-15811,-16471,16852,19948,-20367,-21115,21546,-25029,25498,26334,-26815,30685,-31204,-32128,32659,36916,-37485,-38497,39078,43722,-44341,-45441,46072,-51103,51772,52960,-53641,59059,-59778,-61054,61785,67590,-68359,-69723,70504,76696,-77515,-78967,79798,-86377,87246,88786,-89667,96633,-97552,-99180,100111,107464,-108433,-110149,111130,118870,-119889,-121693,122724,-130851,131920,133812,-134893,143407,-144526,-146506,147637,156538,-157707,-159775,160956,170244,-171463,-173619,174850
0,9,77,93,-482,-516,-720,-761,1539,1598,1938,2004,3171,3255,3731,3822,5378,5487,6099,6215,-8160,-8294,-9042,-9183,11517,11676,12560,12726,15449,15633,16653,16844,19956,20165,21321,21537,-25038,-25272,-26564,-26805,30695,30954,32382,32648,36927,37211,38775,39066,43734,44043,45743,46059,-51116,-51450,-53286,-53627,59073,59432,61404,61770,67605,67989,70097,70488,76712,77121,79365,79781,-86394,-86828,-89208,-89649,96651,97110,99626,100092,107483,107967,110619,111110,118890,119399,122187,122703,-130872,-131406,-134330,-134871,143429,143988,147048,147614,156561,157145,160341,160932,170268,170877,174209,174825
0,9,60,74,-501,-533,-686,-723,1577,1632,1887,1947,3228,3306,3663,3746,5454,5555,6014,6120,-8255,-8379,-8940,-9069,11631,11778,12441,12593,15582,15752,16517,16692,20108,20301,21168,21366,-25209,-25425,-26394,-26615,30885,31124,32195,32439,37136,37398,38571,38838,43962,44247,45522,45812,-51363,-51671,-53048,-53361,59339,59670,61149,61485,67890,68244,69825,70184,77016,77393,79076,79458,-86717,-87117,-88902,-89307,96993,97416,99303,99731,107844,108290,110279,110730,119270,119739,121830,122304,-131271,-131763,-133956,-134453,143847,144362,146657,147177,156998,157536,159933,160476,170724,171285,173784,174350
0,-19,-46,73,-502,567,648,-721,1579,-1690,-1825,1944,3231,-3388,-3577,3742,5458,-5661,-5904,6115,-8260,8509,8806,-9063,11637,-11932,-12283,12586,15589,-15930,-16335,16684,20116,-20503,-20962,21357,-25218,25651,26164,-26605,30895,-31374,-31941,32428,37147,-37672,-38293,38826,43974,-44545,-45220,45799,-51376,51993,52722,-53347,59353,-60016,-60799,61470,67905,-68614,-69451,70168,77032,-77787,-78678,79441,-86734,87535,88480,-89289,97011,-97858,-98857,99712,107863,-108756,-109809,110710,119290,-120229,-121336,122283,-131292,132277,133438,-134431,143869,-144900,-146115,147154,157021,-158098,-159367,160452,170748,-171871,-173194,174325
0,30,33,72,-503,-602,-611,-719,1581,1749,1764,1941,3234,3471,3492,3738,5462,5768,5795,6110,-8265,-8640,-8673,-9057,11643,12087,12126,12579,15596,16109,16154,16676,20124,20706,20757,21348,-25227,-25878,-25935,-26595,30905,31625,31688,32417,37158,37947,38016,38814,43986,44844,44919,45786,-51389,-52316,-52397,-53333,59367,60363,60450,61455,67920,68985,69078,70152,77048,78182,78281,79424,-86751,-87954,-88059,-89271,97029,98301,98412,99693,107882,109223,109340,110690,119310,120720,120843,122262,-131313,-132792,-132921,-134409,143891,145439,145574,147131,157044,158661,158802,160428,170772,172458,172605,174300
0,-21,-42,71,-504,575,638,-717,1583,-1704,-1809,1938,3237,-3408,-3555,3734,5466,-5687,-5876,6105,-8270,8541,8772,-9051,11649,-11970,-12243,12572,15603,-15974,-16289,16668,20132,-20553,-20910,21339,-25236,25707,26106,-26585,30915,-31436,-31877,32406,37169,-37740,-38223,38802,43998,-44619,-45144,45773,-51402,52073,52640,-53319,59381,-60102,-60711,61440,67935,-68706,-69357,70136,77064,-77885,-78578,79407,-86768,87639,88374,-89253,97047,-97968,-98745,99674,107901,-108872,-109691,110670,119330,-120351,-121212,122241,-131334,132405,133308,-134387,143913,-145034,-145979,147108,157067,-158238,-159225,160404,170796,-172017,-173046,174275
0,10,55,70,-505,-540,-675,-715,1585,1645,1870,1935,3240,3325,3640,3730,5470,5580,5985,6100,-8275,-8410,-8905,-9045,11655,11815,12400,12565,15610,15795,16470,16660,20140,20350,21115,21330,-25245,-25480,-26335,-26575,30925,31185,32130,32395,37180,37465,38500,38790,44010,44320,45445,45760,-51415,-51750,-52965,-53305,59395,59755,61060,61425,67950,68335,69730,70120,77080,77490,78975,79390,-86785,-87220,-88795,-89235,97065,97525,99190,99655,107920,108405,110160,110650,119350,119860,121705,122220,-131355,-131890,-133825,-134365,143935,144495,146520,147085,157090,157675,159790,160380,170820,171430,173635,174250
0,10,36,49,-526,-559,-637,-673,1627,1683,1813,1872,3303,3382,3564,3646,5554,5656,5890,5995,-8380,-8505,-8791,-8919,11781,11929,12267,12418,15757,15928,16318,16492,20308,20502,20944,21141,-25434,-25651,-26145,-26365,31135,31375,31921,32164,37411,37674,38272,38538,44262,44548,45198,45487,-51688,-51997,-52699,-53011,59689,60021,60775,61110,68265,68620,69426,69784,77416,77794,78652,79033,-87142,-87543,-88453,-88857,97443,97867,98829,99256,108319,108766,109780,110230,119770,120240,121306,121779,-131796,-132289,-133407,-133903,144397,144913,146083,146602,157573,158112,159334,159876,171324,171886,173160,173725
0,-21,-23,48,-527,594,600,-671,1629,-1742,-1752,1869,3306,-3465,-3479,3642,5558,-5763,-5781,5990,-8385,8636,8658,-8913,11787,-12084,-12110,12411,15764,-16107,-16137,16484,20316,-20705,-20739,21132,-25443,25878,25916,-26355,31145,-31626,-31668,32153,37422,-37949,-37995,38526,44274,-44847,-44897,45474,-51701,52320,52374,-52997,59703,-60368,-60426,61095,68280,-68991,-69053,69768,77432,-78189,-78255,79016,-87159,87962,88032,-88839,97461,-98310,-98384,99237,108338,-109233,-109311,110210,119790,-120731,-120813,121758,-131817,132804,132890,-133881,144419,-145452,-145542,146579,157596,-158675,-158769,159852,171348,-172473,-172571,173700
0,11,33,47,-528,-564,-630,-669,1631,1692,1802,1866,3309,3395,3549,3638,5562,5673,5871,5985,-8390,-8526,-8768,-8907,11793,11954,12240,12404,15771,15957,16287,16476,20324,20535,20909,21123,-25452,-25688,-26106,-26345,31155,31416,31878,32142,37433,37719,38225,38514,44286,44597,45147,45461,-51714,-52050,-52644,-52983,59717,60078,60716,61080,68295,68681,69363,69752,77448,77859,78585,78999,-87176,-87612,-88382,-88821,97479,97940,98754,99218,108357,108843,109701,110190,119810,120321,121223,121737,-131838,-132374,-133320,-133859,144441,145002,145992,146556,157619,158205,159239,159828,171372,171983,173061,173675
0,11,12,24,-551,-585,-588,-623,1677,1734,1739,1797,3378,3458,3465,3546,5654,5757,5766,5870,-8505,-8631,-8642,-8769,11931,12080,12093,12243,15932,16104,16119,16292,20508,20703,20720,20916,-25659,-25877,-25896,-26115,31385,31626,31647,31889,37686,37950,37973,38238,44562,44849,44874,45162,-52013,-52323,-52350,-52661,60039,60372,60401,60735,68640,68996,69027,69384,77816,78195,78228,78608,-87567,-87969,-88004,-88407,97893,98318,98355,98781,108794,109242,109281,109730,120270,120741,120782,121254,-132321,-132815,-132858,-133353,144947,145464,145509,146027,158148,158688,158735,159276,171924,172487,172536,173100
